event_id,event_name,status,image_url,event_start,event_end,venue,address,producer,producer_description,category,price,source_url,local_image
1990202516301,Parental Leave Plus: Beyond the First Step,EventScheduled,https://img.evbuc.com/https%3A%2F%2Fcdn.evbuc.com%2Fimages%2F1186109733%2F1118053499703%2F1%2Foriginal.20260603-230233?crop=focalpoint&fit=crop&w=940&auto=format%2Ccompress&q=75&sharp=10&fp-x=0.099&fp-y=0.499&s=67f65d2c6d1ac395d82022dedbf37968,2026-06-23T12:00:00-07:00,2026-06-23T13:30:00-07:00,Online,,Association of Consulting Engineering Companies BC,"Since 1976, the Association of Consulting Engineering Companies British Columbia (ACEC-BC) has been the voice of consulting engineering companies in BC. Our mandate is advancing the business interests of consulting engineering firms in BC by advocating for fair business practices and building awareness of the industry’s contributions to society and innovative technical expertise.","Business, Other, Networking",0.0,https://www.eventbrite.ca/e/parental-leave-plus-beyond-the-first-step-tickets-1990202516301,data_eventbrite\images\1990202516301_Parental_Leave_Plus_Beyond_the_First_Step.jpg
1988557385671,TSA Technical Series: Encapsulated Mass Timber Construction,EventScheduled,https://img.evbuc.com/https%3A%2F%2Fcdn.evbuc.com%2Fimages%2F1183427317%2F891474946%2F1%2Foriginal.20260430-131932?crop=focalpoint&fit=crop&w=940&auto=format%2Ccompress&q=75&sharp=10&fp-x=0.5&fp-y=0.5&s=81a45731f9a1dbd79bb257c731088be3,2026-06-23T12:00:00-04:00,2026-06-23T13:00:00-04:00,Online,,Toronto Society of Architects,"Established in 1887, the Toronto Society of Architects (TSA) is a non-profit volunteer-led organization dedicated to bringing people together to discuss, learn and explore around our shared passion for the built environment. We are committed to the betterment of our city and have played an important advocacy role throughout Toronto’s history. We do this through a wide range of programs which foster welcoming and inclusive forums for debate and the exchange of ideas, stimulating critical thinking about the design and building issues of our time.","Business, Design, Seminar",19.01,https://www.eventbrite.ca/e/tsa-technical-series-encapsulated-mass-timber-construction-tickets-1988557385671,data_eventbrite\images\1988557385671_TSA_Technical_Series_Encapsulated_Mass_Timber_Construction.jpg
1985275944793,Alliance annual conference 2026: Starting strong,EventScheduled,https://img.evbuc.com/https%3A%2F%2Fcdn.evbuc.com%2Fimages%2F1179927290%2F107271828015%2F1%2Foriginal.20260316-122032?w=940&auto=format%2Ccompress&q=75&sharp=10&rect=0%2C506%2C6032%2C3016&s=00c3a7e49c798cea4977e810726e393d,2026-06-25T18:15:00+01:00,2026-06-25T20:45:00+01:00,Online,,Early Years Alliance,"The Early Years Alliance (formerly the Pre-school Learning Alliance) is the largest and most representative early years membership organisation in England. It provides high quality affordable childcare and education to support children and families in areas of deprivation.An educational charity, the Alliance represents the interests of over 14,000 settings who deliver care and learning to over 800,000 families annually.","Business, Educators, Conference",0.0,https://www.eventbrite.co.uk/e/alliance-annual-conference-2026-starting-strong-tickets-1985275944793,data_eventbrite\images\1985275944793_Alliance_annual_conference_2026_Starting_strong.jpg
1987497239746,Four  Pillars of Nuclear in Construction (Part 1),EventScheduled,https://img.evbuc.com/https%3A%2F%2Fcdn.evbuc.com%2Fimages%2F1183323723%2F200298594757%2F1%2Foriginal.20260429-121949?w=940&auto=format%2Ccompress&q=75&sharp=10&s=2a11ca803aaadad12bc6e5619f82a2d1,2026-06-23T13:00:00+01:00,2026-06-23T14:30:00+01:00,Online,,The Chartered Institute of Building (CIOB),"We are the world's largest and most influential professional body for construction management and leadership. We have a Royal Charter to promote the science and practice of building and construction for the benefit of society, and we’ve been doing that since 1834.","Business, Environment & Sustainability, Seminar",0.0,https://www.eventbrite.co.uk/e/four-pillars-of-nuclear-in-construction-part-1-tickets-1987497239746,data_eventbrite\images\1987497239746_Four_Pillars_of_Nuclear_in_Construction_Part_1.jpg
1989635494323,HBR Book Webinar:  Fair Share,EventScheduled,https://img.evbuc.com/https%3A%2F%2Fcdn.evbuc.com%2Fimages%2F1184663940%2F24792341007%2F1%2Foriginal.20260515-071345?crop=focalpoint&fit=crop&w=940&auto=format%2Ccompress&q=75&sharp=10&fp-x=0.5&fp-y=0.5&s=7349d0c8f58d5f518e5a33a7ad522cdf,2026-07-01T13:00:00+01:00,2026-07-01T14:00:00+01:00,Online,,Harvard Business Review Press,,"Business, Design, Class",0.0,https://www.eventbrite.co.uk/e/hbr-book-webinar-fair-share-tickets-1989635494323,data_eventbrite\images\1989635494323_HBR_Book_Webinar_Fair_Share.jpg
1984615811316,Inclusive Leadership in Action: Lived experience and reasonable adjustments,EventScheduled,https://img.evbuc.com/https%3A%2F%2Fcdn.evbuc.com%2Fimages%2F1180467809%2F337247251517%2F1%2Foriginal.20260323-142500?w=940&auto=format%2Ccompress&q=75&sharp=10&rect=0%2C0%2C2160%2C1080&s=663195b11a2ecde7965ebb13c7f712bc,2026-07-01T12:30:00+01:00,2026-07-01T13:30:00+01:00,Online,,Chartered Management Institute,,"Business, Environment & Sustainability, Conference",0.0,https://www.eventbrite.co.uk/e/inclusive-leadership-in-action-lived-experience-and-reasonable-adjustments-tickets-1984615811316,data_eventbrite\images\1984615811316_Inclusive_Leadership_in_Action_Lived_experience_and_reasonable_adjustments.jpg
1990712139598,Rewire Your Brain and Lead Without Self-Doubt,EventScheduled,https://img.evbuc.com/https%3A%2F%2Fcdn.evbuc.com%2Fimages%2F1182385924%2F2449049278721%2F1%2Foriginal.20260417-064123?crop=focalpoint&fit=crop&w=940&auto=format%2Ccompress&q=75&sharp=10&fp-x=0.5&fp-y=0.5&s=c8db2a3d2ff8857eb9e99d49f37faf29,2026-06-18T19:00:00+01:00,2026-06-18T21:00:00+01:00,Online,,Maria Fuentes - Performance Strategist,,"Business, Career, Class",0.0,https://www.eventbrite.co.uk/e/rewire-your-brain-and-lead-without-self-doubt-tickets-1990712139598,data_eventbrite\images\1990712139598_Rewire_Your_Brain_and_Lead_Without_Self-Doubt.jpg
1984614658869,"Taking Control of Your Career: Mindset, confidence, action",EventScheduled,https://img.evbuc.com/https%3A%2F%2Fcdn.evbuc.com%2Fimages%2F1180826175%2F337247251517%2F1%2Foriginal.20260327-110239?crop=focalpoint&fit=crop&w=940&auto=format%2Ccompress&q=75&sharp=10&fp-x=0.5&fp-y=0.5&s=2981283309b31bc9d184035fe547396b,2026-06-24T13:00:00+01:00,2026-06-24T14:00:00+01:00,Online,,Chartered Management Institute,,"Business, Other, Seminar",0.0,https://www.eventbrite.co.uk/e/taking-control-of-your-career-mindset-confidence-action-tickets-1984614658869,data_eventbrite\images\1984614658869_Taking_Control_of_Your_Career_Mindset_confidence_action.jpg
1988392512531,The State of Expert Witness Evidence,EventScheduled,https://img.evbuc.com/https%3A%2F%2Fcdn.evbuc.com%2Fimages%2F1183417883%2F766783673493%2F1%2Foriginal.20260430-104332?crop=focalpoint&fit=crop&w=940&auto=format%2Ccompress&q=75&sharp=10&fp-x=0.5&fp-y=0.5&s=eee6300a3a37053fb0f4fe2e5072f735,2026-06-23T12:00:00+01:00,2026-06-23T13:30:00+01:00,Online,,The Chartered Institute of Arbitrators,"Ciarb is an international centre of excellence for the practice and profession of alternative dispute resolution (ADR).Our growing membership of over 17,000 is based across 149 countries and supported by an international network of 42 branches.Ciarb provides education and training for arbitrators, mediators and adjudicators.It also acts as a global hub for practitioners, policy makers, academics and those in business, supporting the global promotion, facilitation and development of all ADR methods.Ciarb offers a range of resources including guidance, support, advice, networking and promotional opportunities, as well as facilities for hearings, meetings and other events.It is a not-for-profit, UK registered charity.","Business, Startups & Small Business, Class",0.0,https://www.eventbrite.co.uk/e/the-state-of-expert-witness-evidence-tickets-1988392512531,data_eventbrite\images\1988392512531_The_State_of_Expert_Witness_Evidence.jpg
1989985778031,What does  spatial planning mean for major infrastructure & place responses,EventScheduled,https://img.evbuc.com/https%3A%2F%2Fcdn.evbuc.com%2Fimages%2F1185951876%2F2586412031%2F1%2Foriginal.20260602-112605?crop=focalpoint&fit=crop&w=940&auto=format%2Ccompress&q=75&sharp=10&fp-x=0.5&fp-y=0.5&s=323a62d606624df6fa71a7082da6ca92,2026-06-30T12:00:00+01:00,2026-06-30T13:00:00+01:00,Online,,Landscape Institute,"The Landscape Institute (LI) is the chartered body for the landscape professions.With over 5600 members and 500 Registered Practices, operating in over 40 countries, we provide a professional home for all landscape practitioners including landscape scientists, landscape planners, landscape architects, landscape managers and urban designers.The LI’s aim, through the work of its members is to protect, conserve and enhance the natural and built environment for the public benefit.","Business, Environment & Sustainability, Seminar",0.0,https://www.eventbrite.co.uk/e/what-does-spatial-planning-mean-for-major-infrastructure-place-responses-tickets-1989985778031,data_eventbrite\images\1989985778031_What_does_spatial_planning_mean_for_major_infrastructure_place_responses.jpg
1991736888650,Author & Agent,EventScheduled,https://img.evbuc.com/https%3A%2F%2Fcdn.evbuc.com%2Fimages%2F451454239%2F290766833298%2F1%2Foriginal.20200707-135131?w=940&auto=format%2Ccompress&q=75&sharp=10&rect=0%2C0%2C2160%2C1080&s=9be56036d87f48a3e352bce7045e77a4,2026-06-18T14:00:00-04:00,2026-06-18T15:00:00-04:00,Online,,The Writers' Union of Canada,"The Writers’ Union of Canada (TWUC) is the national organization of professionally published writers. TWUC was founded in 1973 to work with governments, publishers, booksellers, and readers to improve the conditions of Canadian writers. Now over 2,800 members strong, TWUC advocates on behalf of writers’ collective interests, and delivers value to members through advocacy, community, and information. TWUC believes in a thriving, diverse Canadian culture that values and supports writers.","Business, Career, Seminar",0.0,https://www.eventbrite.com/e/author-agent-registration-1991736888650,data_eventbrite\images\1991736888650_Author_Agent.jpg
1989664529167,CommercialForum Power Lunch: Repositioning Chicago’s Megaproject,EventScheduled,https://img.evbuc.com/https%3A%2F%2Fcdn.evbuc.com%2Fimages%2F1050075783%2F87971520%2F1%2Foriginal.20250610-184022?crop=focalpoint&fit=crop&w=940&auto=format%2Ccompress&q=75&sharp=10&fp-x=0.5&fp-y=0.5&s=2b3dd0645788cc720d03ec9336db5c7a,2026-06-30T12:00:00-05:00,2026-06-30T13:00:00-05:00,Online,,Chicago Association of REALTORS®,"The Chicago Association of REALTORS® (C.A.R.), the “Voice for Real Estate” in Chicago since 1883, represents over 13,500 members from all real estate specialties including commercial sales, development, property management, appraisal, auctions, and residential sales.","Business, Real Estate, Gala",0.0,https://www.eventbrite.com/e/commercialforum-power-lunch-repositioning-chicagos-megaproject-tickets-1989664529167,data_eventbrite\images\1989664529167_CommercialForum_Power_Lunch_Repositioning_Chicagos_Megaproject.jpg
1990289266774,Connect & Thrive: The Reinvention Room™ A Women’s Networking Transformation,EventScheduled,https://img.evbuc.com/https%3A%2F%2Fcdn.evbuc.com%2Fimages%2F1185331383%2F2471873255961%2F1%2Foriginal.20260524-220548?crop=focalpoint&fit=crop&w=940&auto=format%2Ccompress&q=75&sharp=10&fp-x=0.5&fp-y=0.5&s=a72295634b80e7ef64ec113fd13c58ed,2026-06-18T12:30:00-07:00,2026-06-18T14:00:00-07:00,Online,,"Fabulous Coaching, Training, and Productions, LLC",,"Business, Career, Networking",0.0,https://www.eventbrite.com/e/connect-thrive-the-reinvention-roomtm-a-womens-networking-transformation-tickets-1990289266774,data_eventbrite\images\1990289266774_Connect_Thrive_The_Reinvention_Room_A_Womens_Networking_Transformation.jpg
1985358964106,EBA Open Forum on Digital Transformation,EventScheduled,https://img.evbuc.com/https%3A%2F%2Fcdn.evbuc.com%2Fimages%2F1180135895%2F235615807734%2F1%2Foriginal.20260318-135226?crop=focalpoint&fit=crop&w=940&auto=format%2Ccompress&q=75&sharp=10&fp-x=0.5&fp-y=0.5&s=53ed16c6d65e5811f7fc05ebde5d695c,2026-06-25T08:45:00+02:00,2026-06-25T13:40:00+02:00,Online,,Euro Banking Association,"The Euro Banking Association (EBA) is a practitioners’ body for banks and other service providers supporting a pan-European vision for payments. The mission of the EBA is to foster dialogue and experience exchange amongst payments industry practitioners towards a pan-European vision for payments. We pursue our mission through involving member organisations and relevant stakeholders in thought leadership on innovation, helping our members to understand and implement regulation and by supporting the development of market practices.The EBA has more than 160 members from the European Union and across the world.","Business, Startups & Small Business, Conference",0.0,https://www.eventbrite.com/e/eba-open-forum-on-digital-transformation-tickets-1985358964106,data_eventbrite\images\1985358964106_EBA_Open_Forum_on_Digital_Transformation.jpg
1984772976401,"Ethics in Action: Navigating Supervision, Teams, and Systems with Integrity",EventScheduled,https://img.evbuc.com/https%3A%2F%2Fcdn.evbuc.com%2Fimages%2F1179384629%2F2955119918111%2F1%2Foriginal.20260309-143817?crop=focalpoint&fit=crop&w=940&auto=format%2Ccompress&q=75&sharp=10&fp-x=0.5&fp-y=0.5&s=152566b7f5f3b91d146a2780cbbcbeba,2026-06-22T14:00:00-04:00,2026-06-22T17:00:00-04:00,Online,,Change the Conversation,,"Business, Other, Class",0.0,https://www.eventbrite.com/e/ethics-in-action-navigating-supervision-teams-and-systems-with-integrity-tickets-1984772976401,data_eventbrite\images\1984772976401_Ethics_in_Action_Navigating_Supervision_Teams_and_Systems_with_Integrity.jpg
1989828911840,HBR Press Webinar:  Fair Share,EventScheduled,https://img.evbuc.com/https%3A%2F%2Fcdn.evbuc.com%2Fimages%2F1184846937%2F24792341007%2F1%2Foriginal.20260518-135131?crop=focalpoint&fit=crop&w=940&auto=format%2Ccompress&q=75&sharp=10&fp-x=0.5&fp-y=0.5&s=6c743b118543097049a9d388f49598ed,2026-07-01T08:00:00-04:00,2026-07-01T09:00:00-04:00,Online,,Harvard Business Review,"Harvard Business Review is the leading destination for smart management thinking. Through our flagship magazine, books, digital content, and tools published on HBR.org, Harvard Business Review aims to provide professionals around the world with rigorous insights and best practices to help lead themselves and their organizations more effectively and to make a positive impact.","Business, Career, Seminar",0.0,https://www.eventbrite.com/e/hbr-press-webinar-fair-share-tickets-1989828911840,data_eventbrite\images\1989828911840_HBR_Press_Webinar_Fair_Share.jpg
1989632276699,How to Build a Side Hustle with AI in One Weekend,EventScheduled,https://img.evbuc.com/https%3A%2F%2Fcdn.evbuc.com%2Fimages%2F1186800016%2F4051253644%2F1%2Foriginal.20260612-235530?crop=focalpoint&fit=crop&w=940&auto=format%2Ccompress&q=75&sharp=10&fp-x=0.096&fp-y=0.5&s=d8db6e61bc127a7c9e3fdf2e8897806e,2026-06-30T19:00:00-07:00,2026-06-30T20:00:00-07:00,Online,,Albert's Job Listings and Referrals,,"Business, Career, Seminar",0.0,https://www.eventbrite.com/e/how-to-build-a-side-hustle-with-ai-in-one-weekend-tickets-1989632276699,data_eventbrite\images\1989632276699_How_to_Build_a_Side_Hustle_with_AI_in_One_Weekend.jpg
1986334924229,"KEY Virtual Career Connect (June 25, 2026 - 6pm-830pm CST)",EventScheduled,https://img.evbuc.com/https%3A%2F%2Fcdn.evbuc.com%2Fimages%2F1181102621%2F1187031569763%2F1%2Foriginal.20260331-151758?w=940&auto=format%2Ccompress&q=75&sharp=10&s=e2e8b0309471677773ca23252f4363ef,2026-06-25T18:00:00-05:00,2026-06-25T20:00:00-05:00,Online,,The KEY Community,,"Business, Career, Networking",0.0,https://www.eventbrite.com/e/key-virtual-career-connect-june-25-2026-6pm-830pm-cst-tickets-1986334924229,data_eventbrite\images\1986334924229_KEY_Virtual_Career_Connect_June_25_2026_-_6pm-830pm_CST.jpg
1988433427910,Space: The Final Frontier,EventScheduled,https://img.evbuc.com/https%3A%2F%2Fcdn.evbuc.com%2Fimages%2F1183273234%2F147021217561%2F1%2Foriginal.20260428-211854?crop=focalpoint&fit=crop&w=940&auto=format%2Ccompress&q=75&sharp=10&fp-x=0.5&fp-y=0.5&s=f5a22934837956183c872f5454d565ee,2026-06-18T15:30:00-07:00,2026-06-18T17:45:00-07:00,Online,,The InDesign User Group,"The InDesign User Group is where folks who use InDesign hang out with other folks who use InDesign. We provide an authentic user-to-user experience where individuals who speak the language of page layout and digital publishing get together to let their pixels down.Major sponsors of IDUG include Adobe Systems and CreativePro Network, however, IDUG is an independent organization managed by local volunteers. IDUG is a registered 501(c)(3) not-for-profit organization financed through the sale of event tickets, the purchase of branded items and  tax-deductible contributions. All regular IDUG meetings and events are free to the public.Privacy PolicyYour registration constitutes permission to use photos and audio/video recordings taken of you at the event or program for promotional and educational purposes in connection with IDUG programs and activities and on IDUG website and  social media sites.","Business, Design, Class",0.0,https://www.eventbrite.com/e/space-the-final-frontier-tickets-1988433427910,data_eventbrite\images\1988433427910_Space_The_Final_Frontier.jpg
1425613039979,The AI Edge: Supercharge Your Startup Vision,EventScheduled,https://img.evbuc.com/https%3A%2F%2Fcdn.evbuc.com%2Fimages%2F1186315499%2F330415169387%2F1%2Foriginal.20260606-194201?crop=focalpoint&fit=crop&w=940&auto=format%2Ccompress&q=75&sharp=10&fp-x=0.5&fp-y=0.5&s=e337b8fa8a4d8776233cfb9c34175b6a,2026-07-06T16:00:00-07:00,2026-07-06T17:00:00-07:00,Online,,Silicon Networks,C﻿heck our training catalogue at www.siliconnetworks.us,"Business, Startups & Small Business, Seminar",0.0,https://www.eventbrite.com/e/the-ai-edge-supercharge-your-startup-vision-tickets-1425613039979,data_eventbrite\images\1425613039979_The_AI_Edge_Supercharge_Your_Startup_Vision.jpg
1991873406980,Summer Rewind Online Trivia & Music Bingo,EventScheduled,https://img.evbuc.com/https%3A%2F%2Fcdn.evbuc.com%2Fimages%2F1186884247%2F501434225095%2F1%2Foriginal.20260614-203634?crop=focalpoint&fit=crop&w=940&auto=format%2Ccompress&q=75&sharp=10&fp-x=0.5&fp-y=0.5&s=8f31209e464b5d307891996c187daeea,2026-06-27T19:00:00-06:00,2026-06-27T21:30:00-06:00,Online,,Beetz Entertainment,,"Music, Alternative, Party",23.76,https://www.eventbrite.ca/e/summer-rewind-online-trivia-music-bingo-tickets-1991873406980,data_eventbrite\images\1991873406980_Summer_Rewind_Online_Trivia_Music_Bingo.jpg
1987082942572,Broadcasting to the West: Ukraine and Cultural Diplomacy at the Eurovision,EventScheduled,https://img.evbuc.com/https%3A%2F%2Fcdn.evbuc.com%2Fimages%2F1181811529%2F245142359037%2F1%2Foriginal.20260409-185811?w=940&auto=format%2Ccompress&q=75&sharp=10&s=e4090a8271b212d9b7be7360eac34556,2026-06-18T18:30:00+01:00,2026-06-18T20:00:00+01:00,Online,,Ukrainian Institute London,"The Ukrainian Institute London is a UK charity that provides information and broadens knowledge in the UK about Ukraine and Ukrainians, in the realms of arts, language, literature, history, religion, culture and heritage, traditions and current affairs.  The Institute is an affiliate of theUkrainian Catholic University,","Music, Alternative, Class",25.0,https://www.eventbrite.co.uk/e/broadcasting-to-the-west-ukraine-and-cultural-diplomacy-at-the-eurovision-tickets-1987082942572,data_eventbrite\images\1987082942572_Broadcasting_to_the_West_Ukraine_and_Cultural_Diplomacy_at_the_Eurovision.jpg
1989995312549,How to Practise Piano More Effectively,EventScheduled,https://img.evbuc.com/https%3A%2F%2Fcdn.evbuc.com%2Fimages%2F1185033741%2F73204945511%2F1%2Foriginal.20260520-131553?crop=focalpoint&fit=crop&w=940&auto=format%2Ccompress&q=75&sharp=10&fp-x=0.5&fp-y=0.5&s=161ca15a7d7225ecd7f2e2bb29c31f13,2026-06-18T11:00:00+01:00,2026-06-18T12:00:00+01:00,Online,,Jonathan Delbridge Music,,"Music, Classical, Class",27.8,https://www.eventbrite.co.uk/e/how-to-practise-piano-more-effectively-tickets-1989995312549,data_eventbrite\images\1989995312549_How_to_Practise_Piano_More_Effectively.jpg
1984851486226,A Gentle Introduction to SuperCollider,EventScheduled,https://img.evbuc.com/https%3A%2F%2Fcdn.evbuc.com%2Fimages%2F1179456908%2F530032473259%2F1%2Foriginal.20210505-181023?w=940&auto=format%2Ccompress&q=75&sharp=10&rect=0%2C0%2C1280%2C640&s=434e38066d244c0ba8e6a9a872a50689,2026-07-06T10:00:00-07:00,2026-07-10T17:00:00-07:00,Online,,CCRMA Summer Workshops,"The Stanford Center for Computer Research in Music and Acoustics (CCRMA) is a multi-disciplinary facility where composers and researchers work together using computer-based technology both as an artistic medium and as a research tool.Pronouncing ""CCRMA"": CCRMA is an acronym for the Center for Computer Research in Music and Acoustics it is pronounced ""karma"" (the first ""c"" is silent).Areas of ongoing interest:CompositionApplications HardwareApplications SoftwareSynthesis Techniques and AlgorithmsPhysical ModelingP﻿hysical Interaction Design for MusicMusic and Mobile DevicesSensorsReal-Time ControllersSignal ProcessingDigital Recording and EditingPsychoacoustics and Musical AcousticsPerceptual Audio CodingMusic Information RetrievalAudio NetworkingAuditory Display of Multidimensional Data (Data Sonification)Real-Time Applications.The CCRMA community:Administrative and technical staff, faculty, research associates, graduate research assistants, graduate and undergraduate students, visiting scholars, visiting researchers and composers, and industrial associates. Departments actively represented at CCRMA include Music, Electrical Engineering, Mechanical Engineering, Computer Science, Physics, Art, Drama, and Psychology.Center activities:Academic courses, seminars, small interest group meetings, summer workshops and colloquia. Concerts of computer music are presented several times each year, including exchange concerts with area computer music centers. In-house technical reports and recordings are available, and public demonstrations of ongoing work at CCRMA are held periodically.Research results:Are published and presented at professional meetings, international conferences and in established journals including the Computer Music Journal, Journal of the Audio Engineering Society, the Journal of the Acoustical Society of America, and various transactions of the Institute of Electrical and Electronic Engineers (IEEE). Compositions are presented in new music festivals and radio broadcasts throughout the world and have been recorded on cassette, LP, compact disc, and in the cloud.","Music, Alternative, Class",261.04,https://www.eventbrite.com/e/a-gentle-introduction-to-supercollider-tickets-1984851486226,data_eventbrite\images\1984851486226_A_Gentle_Introduction_to_SuperCollider.jpg
1990357837872,Behind the Strings: Online,EventScheduled,https://img.evbuc.com/https%3A%2F%2Fcdn.evbuc.com%2Fimages%2F1185398734%2F277428913877%2F1%2Foriginal.20260526-010027?crop=focalpoint&fit=crop&w=940&auto=format%2Ccompress&q=75&sharp=10&fp-x=0.5&fp-y=0.5&s=12611a9f0333a40308c979351b0edd58,2026-06-22T18:00:00-05:00,,Online,,Jess Garland,,"Music, Blues, Performance",0.0,https://www.eventbrite.com/e/behind-the-strings-online-tickets-1990357837872,data_eventbrite\images\1990357837872_Behind_the_Strings_Online.jpg
1991422310739,Inside the Song:Writing with Clint Lowery,EventScheduled,https://img.evbuc.com/https%3A%2F%2Fcdn.evbuc.com%2Fimages%2F1186453272%2F2924608251121%2F1%2Foriginal.20260608-233331?crop=focalpoint&fit=crop&w=940&auto=format%2Ccompress&q=75&sharp=10&fp-x=0.573&fp-y=0.28&s=775f4a472177f7230694ccdd83bbcb39,2026-06-18T19:00:00-05:00,2026-06-18T20:30:00-05:00,Online,,Clint Lowery,,"Music, Rock, Class",28.5,https://www.eventbrite.com/e/inside-the-songwriting-with-clint-lowery-tickets-1991422310739,data_eventbrite\images\1991422310739_Inside_the_SongWriting_with_Clint_Lowery.jpg
1990826913891,MindTravel Monthly Virtual SilentWalk - July 2026,EventScheduled,https://img.evbuc.com/https%3A%2F%2Fcdn.evbuc.com%2Fimages%2F1146140663%2F137819591927%2F1%2Foriginal.20251006-210641?crop=focalpoint&fit=crop&w=940&auto=format%2Ccompress&q=75&sharp=10&fp-x=0.5&fp-y=0.5&s=db488fde4d68967735b42475ec6da96f,2026-07-06T16:00:00-07:00,2026-07-06T17:00:00-07:00,Online,,MindTravel,"More AboutMindTravelMindTravelis an immersive musical experience that takes place in iconic theaters and beautiful outdoor spaces. In his live performances, composer and pianist Murray Hidary transports audiences on a journey that is at once expansive and transformative. His improvisational piano meditations, inspired by mystical traditions and theoretical physics, will leave you in a state of harmony and clarity, with the rhythm to carry it forward into your life.""MindTravelis an experience like no other. Imagine a concert pianist improvising beautiful, peaceful music with imagery in the background that matches the beauty of the music — combined, it is almost meditative or trancelike.""- Jason Wachob, Founder of mindbodygreenmindtravel.com.","Music, Classical, Performance",0.0,https://www.eventbrite.com/e/mindtravel-monthly-virtual-silentwalk-july-2026-tickets-1990826913891,data_eventbrite\images\1990826913891_MindTravel_Monthly_Virtual_SilentWalk_-_July_2026.jpg
1991811271130,Prompt & Play: Learn to Create Music with AI in Seconds!,EventScheduled,https://img.evbuc.com/https%3A%2F%2Fcdn.evbuc.com%2Fimages%2F1186802068%2F3003254233130%2F1%2Foriginal.20260613-005003?crop=focalpoint&fit=crop&w=940&auto=format%2Ccompress&q=75&sharp=10&fp-x=0.5&fp-y=0.5&s=04a275503bec7d9075fb50737c779e07,2026-06-25T19:00:00-04:00,2026-06-25T20:00:00-04:00,Online,,Future Fluency AI,,"Music, Experimental, Class",0.0,https://www.eventbrite.com/e/prompt-play-learn-to-create-music-with-ai-in-seconds-tickets-1991811271130,data_eventbrite\images\1991811271130_Prompt_Play_Learn_to_Create_Music_with_AI_in_Seconds.jpg
1990591210897,Queer Songwriter Circle - Friday Session (Online),EventScheduled,https://img.evbuc.com/https%3A%2F%2Fcdn.evbuc.com%2Fimages%2F781342719%2F41253056044%2F1%2Foriginal.20240602-203246?w=940&auto=format%2Ccompress&q=75&sharp=10&rect=0%2C14%2C1200%2C600&s=59a12e8ba404f1abb62b60a4c761cd87,2026-07-10T10:00:00-07:00,2026-07-10T12:30:00-07:00,Online,,Eli Conley,,"Music, Singer/Songwriter, Class",150.0,https://www.eventbrite.com/e/queer-songwriter-circle-friday-session-online-registration-1990591210897,data_eventbrite\images\1990591210897_Queer_Songwriter_Circle_-_Friday_Session_Online.jpg
1990588906003,Queer Songwriter Circle - Sunday Session (Online),EventScheduled,https://img.evbuc.com/https%3A%2F%2Fcdn.evbuc.com%2Fimages%2F781342719%2F41253056044%2F1%2Foriginal.20240602-203246?w=940&auto=format%2Ccompress&q=75&sharp=10&rect=0%2C14%2C1200%2C600&s=59a12e8ba404f1abb62b60a4c761cd87,2026-07-05T14:30:00-07:00,2026-07-05T17:00:00-07:00,Online,,Eli Conley,,"Music, Singer/Songwriter, Class",150.0,https://www.eventbrite.com/e/queer-songwriter-circle-sunday-session-online-registration-1990588906003,data_eventbrite\images\1990588906003_Queer_Songwriter_Circle_-_Sunday_Session_Online.jpg
261424897907,Science of Drumming & Ethics with Christine Stevens,EventScheduled,https://img.evbuc.com/https%3A%2F%2Fcdn.evbuc.com%2Fimages%2F1186321058%2F113319187269%2F1%2Foriginal.20260606-220738?crop=focalpoint&fit=crop&w=940&auto=format%2Ccompress&q=75&sharp=10&fp-x=0.5&fp-y=0.5&s=4815c197c438e0130980f0caac7f17e0,2026-06-25T16:00:00-06:00,2026-06-25T19:00:00-06:00,Online,,"Christine Stevens, MSW, MT-BC, Founder, UpBeat Drum Circles",,"Music, Religious/Spiritual, Performance",95.0,https://www.eventbrite.com/e/science-of-drumming-ethics-with-christine-stevens-tickets-261424897907,data_eventbrite\images\261424897907_Science_of_Drumming_Ethics_with_Christine_Stevens.jpg
1991206502250,Stroke of Touch Beyond the Basics 5 Week Online Frame Drum Series,EventScheduled,https://img.evbuc.com/https%3A%2F%2Fcdn.evbuc.com%2Fimages%2F1186718251%2F20786786030%2F1%2Foriginal.20260611-220230?w=940&auto=format%2Ccompress&q=75&sharp=10&s=3f5e7e32fa0301d41a4e2a86702ecbae,2026-06-17T19:00:00-07:00,2026-06-17T20:30:00-07:00,Online,,Miranda Rondeau,,"Music, Alternative",180.0,https://www.eventbrite.com/e/stroke-of-touch-beyond-the-basics-5-week-online-frame-drum-series-tickets-1991206502250,data_eventbrite\images\1991206502250_Stroke_of_Touch_Beyond_the_Basics_5_Week_Online_Frame_Drum_Series.jpg
1990181825414,The ART of Hybrid Picking,EventScheduled,https://img.evbuc.com/https%3A%2F%2Fcdn.evbuc.com%2Fimages%2F1185226025%2F71470240989%2F1%2Foriginal.20260522-155125?crop=focalpoint&fit=crop&w=940&auto=format%2Ccompress&q=75&sharp=10&fp-x=0.5&fp-y=0.5&s=4a7c46ca7cb602a74a3ec1f87b910dd9,2026-06-17T18:30:00-05:00,2026-06-17T20:00:00-05:00,Online,,Ellen Britton Guitar,,"Music, Acoustic, Class",49.87,https://www.eventbrite.com/e/the-art-of-hybrid-picking-tickets-1990181825414,data_eventbrite\images\1990181825414_The_ART_of_Hybrid_Picking.jpg
1990975325795,'The Violin: Evolution of the Beloved Stringed Instrument' Webinar,EventScheduled,https://img.evbuc.com/https%3A%2F%2Fcdn.evbuc.com%2Fimages%2F1186076428%2F63649492301%2F1%2Foriginal.20260603-164633?crop=focalpoint&fit=crop&w=940&auto=format%2Ccompress&q=75&sharp=10&fp-x=0.169&fp-y=0.502&s=ece703537c2255bd5495334267f6bf90,2026-06-30T17:30:00-04:00,2026-06-30T19:00:00-04:00,Online,,New York Adventure Club,"NEW YORK ADVENTURE CLUB | Unlock Your CityWe give you insider access to the city’s best-kept secrets. But we’re so much more than a tour company.WHO WE AREWe are a community-driven club that curates the most unique experiences in town, with a focus on history and storytelling. We show you a city you never knew existed, and offer a community you can’t live without.You won’t find our special-access tours and exclusive events anywhere else. Think after-hours tours of New York City’s most celebrated spaces, themed parties in unexpected locations, and weekend excursions to incredible destinations. All of our events end with social hangouts so you can meet people who love exploring as much as you do.THE ‘CLUB’ IN NEW YORK ADVENTURE CLUBOur current community is more than 50,000 members strong and includes everyone from recent NYC transplants to lifelong residents. Whatever borough you’re from (or city or country, for that matter), we’ll make it easy for you to take full advantage of the unique places and great people this city has to offer.Subscribe with our newsletterto get the inside scoop on the city’s most interesting events.Visit our websiteto see our full line-up of fun experiences.""Don't be boring, go do something""New York Adventure Club","Music, Classical, Seminar",18.88,https://www.eventbrite.com/e/the-violin-evolution-of-the-beloved-stringed-instrument-webinar-registration-1990975325795,data_eventbrite\images\1990975325795_The_Violin_Evolution_of_the_Beloved_Stringed_Instrument_Webinar.jpg
1991672374687,Touring in Europe 101 for US Bands,EventScheduled,https://img.evbuc.com/https%3A%2F%2Fcdn.evbuc.com%2Fimages%2F1186658571%2F445755421768%2F1%2Foriginal.20260611-064327?crop=focalpoint&fit=crop&w=940&auto=format%2Ccompress&q=75&sharp=10&fp-x=0.5&fp-y=0.5&s=bc0d084c383fc23d3bc1beadb490bdb7,2026-06-28T12:00:00-07:00,2026-06-28T13:00:00-07:00,Online,,StoryTime Records,,"Music, Other, Class",10.0,https://www.eventbrite.com/e/touring-in-europe-101-for-us-bands-tickets-1991672374687,data_eventbrite\images\1991672374687_Touring_in_Europe_101_for_US_Bands.jpg
1991296099237,[VIRTUAL] Faith Luster and Friends,EventScheduled,https://img.evbuc.com/https%3A%2F%2Fcdn.evbuc.com%2Fimages%2F1186328275%2F2805940773061%2F1%2Foriginal.20260607-033214?crop=focalpoint&fit=crop&w=940&auto=format%2Ccompress&q=75&sharp=10&fp-x=0.523&fp-y=0.588&s=c5d5747ef71bca7a47eef44d4f5bc1bf,2026-06-19T20:00:00-07:00,2026-06-19T23:00:00-07:00,Online,,Songs by Faith,,"Music, Jazz, Performance",23.18,https://www.eventbrite.com/e/virtual-faith-luster-and-friends-tickets-1991296099237,data_eventbrite\images\1991296099237_VIRTUAL_Faith_Luster_and_Friends.jpg
1990414715996,'Why Do We Love Music? Origins of Humanity’s Universal Art' Webinar,EventScheduled,https://img.evbuc.com/https%3A%2F%2Fcdn.evbuc.com%2Fimages%2F1185444512%2F63649492301%2F1%2Foriginal.20260526-155148?w=940&auto=format%2Ccompress&q=75&sharp=10&s=d0ec8be384b54bda6721d6bf05557835,2026-06-18T20:00:00-04:00,2026-06-18T21:15:00-04:00,Online,,New York Adventure Club,"NEW YORK ADVENTURE CLUB | Unlock Your CityWe give you insider access to the city’s best-kept secrets. But we’re so much more than a tour company.WHO WE AREWe are a community-driven club that curates the most unique experiences in town, with a focus on history and storytelling. We show you a city you never knew existed, and offer a community you can’t live without.You won’t find our special-access tours and exclusive events anywhere else. Think after-hours tours of New York City’s most celebrated spaces, themed parties in unexpected locations, and weekend excursions to incredible destinations. All of our events end with social hangouts so you can meet people who love exploring as much as you do.THE ‘CLUB’ IN NEW YORK ADVENTURE CLUBOur current community is more than 50,000 members strong and includes everyone from recent NYC transplants to lifelong residents. Whatever borough you’re from (or city or country, for that matter), we’ll make it easy for you to take full advantage of the unique places and great people this city has to offer.Subscribe with our newsletterto get the inside scoop on the city’s most interesting events.Visit our websiteto see our full line-up of fun experiences.""Don't be boring, go do something""New York Adventure Club","Music, Other, Seminar",18.88,https://www.eventbrite.com/e/why-do-we-love-music-origins-of-humanitys-universal-art-webinar-registration-1990414715996,data_eventbrite\images\1990414715996_Why_Do_We_Love_Music_Origins_of_Humanitys_Universal_Art_Webinar.jpg
1990685941238,MASTERCLASS vocal improvisation by SANNA VAN VLIET,EventScheduled,https://img.evbuc.com/https%3A%2F%2Fcdn.evbuc.com%2Fimages%2F1185756003%2F257728858079%2F1%2Foriginal.20260530-094510?crop=focalpoint&fit=crop&w=940&auto=format%2Ccompress&q=75&sharp=10&fp-x=0.524&fp-y=0.383&s=2ec3d4e4185be7058363b850dd484995,2026-06-27T20:00:00+02:00,2026-06-27T21:30:00+02:00,Online,,Sanna van Vliet,,"Music, Jazz, Class",15.0,https://www.eventbrite.nl/e/masterclass-vocal-improvisation-by-sanna-van-vliet-tickets-1990685941238,data_eventbrite\images\1990685941238_MASTERCLASS_vocal_improvisation_by_SANNA_VAN_VLIET.jpg
1989826307049,Pure Linear Flow | Inner Peace,EventScheduled,https://img.evbuc.com/https%3A%2F%2Fcdn.evbuc.com%2Fimages%2F1182965670%2F2999558876447%2F1%2Foriginal.20260424-142230?crop=focalpoint&fit=crop&w=940&auto=format%2Ccompress&q=75&sharp=10&fp-x=0.589&fp-y=0.525&s=e4512242f11661c17d296ea0a0bf9548,2026-06-18T21:00:00+02:00,2026-06-18T21:45:00+02:00,Online,,Marc van Mourik,,"Music, Electronic, Performance",12.0,https://www.eventbrite.nl/e/pure-linear-flow-inner-peace-tickets-1989826307049,data_eventbrite\images\1989826307049_Pure_Linear_Flow_Inner_Peace.jpg
1990939603950,Luca Mantovanelli Online Masterclass Singapore,EventScheduled,https://img.evbuc.com/https%3A%2F%2Fcdn.evbuc.com%2Fimages%2F1186668724%2F1676710071823%2F1%2Foriginal.20260611-104859?crop=focalpoint&fit=crop&w=940&auto=format%2Ccompress&q=75&sharp=10&fp-x=0.519&fp-y=0.156&s=41247da924d7e2a8bb1731dda50450f3,2026-06-21T16:00:00+08:00,2026-06-21T18:00:00+08:00,Online,,Electus Academy,,"Music, Blues & Jazz, Class",22.05,https://www.eventbrite.sg/e/luca-mantovanelli-online-masterclass-singapore-tickets-1990939603950,data_eventbrite\images\1990939603950_Luca_Mantovanelli_Online_Masterclass_Singapore.jpg
1985498036074,A Misinformation Toolkit for Library Staff,EventScheduled,https://img.evbuc.com/https%3A%2F%2Fcdn.evbuc.com%2Fimages%2F1134062423%2F452545115240%2F1%2Foriginal.20250924-145904?w=940&auto=format%2Ccompress&q=75&sharp=10&rect=0%2C0%2C1056%2C528&s=abd1365821f9511f5b0764a08c6e492c,2026-07-06T13:00:00+01:00,2026-07-06T14:00:00+01:00,Online,,SWRLS,,"Science & Tech, Other, Class",0.0,https://www.eventbrite.co.uk/e/a-misinformation-toolkit-for-library-staff-tickets-1985498036074,data_eventbrite\images\1985498036074_A_Misinformation_Toolkit_for_Library_Staff.jpg
1989902877072,AI Social Club 6: The Simulation of Truth,EventScheduled,https://img.evbuc.com/https%3A%2F%2Fcdn.evbuc.com%2Fimages%2F1184928534%2F347066000989%2F1%2Foriginal.20260519-104520?crop=focalpoint&fit=crop&w=940&auto=format%2Ccompress&q=75&sharp=10&fp-x=0.493&fp-y=0.491&s=207ec8d5b4669511f4c93bf510781b23,2026-06-25T09:00:00+01:00,2026-06-25T10:00:00+01:00,Online,,Future Artists,"Welcome to the world of Future Artists… our motto is ‘Without deviation from the norm, progress is not possible’ Frank Zappa…Who are Future Artists?Founded in 2009 as an arts collective and co-op, Future Artists has grown, adapted and flourished to become a leading production company for Film, Theatre and Events in the UK.","Science & Tech, Social Media, Networking",0.0,https://www.eventbrite.co.uk/e/ai-social-club-6-the-simulation-of-truth-tickets-1989902877072,data_eventbrite\images\1989902877072_AI_Social_Club_6_The_Simulation_of_Truth.jpg
1734022791849,Ancient Encounters: When Homo sapiens Met Neanderthals,EventScheduled,https://img.evbuc.com/https%3A%2F%2Fcdn.evbuc.com%2Fimages%2F1132679693%2F188532852072%2F1%2Foriginal.20250923-142215?w=940&auto=format%2Ccompress&q=75&sharp=10&rect=45%2C0%2C4310%2C2155&s=2c595070dc5b37cb009751287ff45f39,,,Online,,Creswell Crags,"Award-winning museum, stunning limestone gorge. Home to the only Ice Age rock art in Britain, Ice Age artefacts, and the world-famous Witch Marks. Creswell Crags is one of the most important and protected sites in the UK it is a Scheduled Ancient Monument and Site of Special Scientific Interest.","Science & Tech, Science, Seminar",0.0,https://www.eventbrite.co.uk/e/ancient-encounters-when-homo-sapiens-met-neanderthals-tickets-1734022791849,data_eventbrite\images\1734022791849_Ancient_Encounters_When_Homo_sapiens_Met_Neanderthals.jpg
1986973476155,"Breaking barriers, not budgets: high-impact, no-cost secondary resources",EventScheduled,https://img.evbuc.com/https%3A%2F%2Fcdn.evbuc.com%2Fimages%2F1181673087%2F2844117633421%2F1%2Foriginal.20260408-092054?crop=focalpoint&fit=crop&w=940&auto=format%2Ccompress&q=75&sharp=10&fp-x=0.039&fp-y=0.513&s=b842365b07e881d7e34ccab03ba40896,2026-06-18T16:00:00+01:00,2026-06-18T17:00:00+01:00,Online,,The British Science Association,"The British Science Association (BSA) is a charity, founded in 1831 and incorporated by Royal Charter. Our vision is of a world where science is at the heart of culture and society. Our mission is to transform the diversity and inclusivity of science; to reach under-served audiences; and increase the number of people who are actively engaged and involved in science. By unlocking the potential of a more diverse group of people, we increase our ability to tackle some of the world’s biggest challenges and shape our future for the better.We organise major initiatives across the UK, including British Science Week; the British Science Festival; regional and local events through our network of Branches; the CREST Awards, and other programmes for young people in schools and colleges. We run specific activities and training for professional science communicators; we undertake research and policy work; and we seek to influence and collaborate with stakeholders including policy makers and opinion formers, leaders from across different sectors of business, industry and public life.","Science & Tech, Science, Conference",5.0,https://www.eventbrite.co.uk/e/breaking-barriers-not-budgets-high-impact-no-cost-secondary-resources-tickets-1986973476155,data_eventbrite\images\1986973476155_Breaking_barriers_not_budgets_high-impact_no-cost_secondary_resources.jpg
1986972522302,Bridges to belonging: supporting the leap from school to STEM careers,EventScheduled,https://img.evbuc.com/https%3A%2F%2Fcdn.evbuc.com%2Fimages%2F1182231200%2F2141681436153%2F1%2Foriginal.20260415-142643?crop=focalpoint&fit=crop&w=940&auto=format%2Ccompress&q=75&sharp=10&fp-x=0.07&fp-y=0.494&s=0a5239e018098c1d3186474016ca0808,2026-06-17T16:00:00+01:00,2026-06-17T16:45:00+01:00,Online,,The British Science Association,"The British Science Association (BSA) is a charity, founded in 1831 and incorporated by Royal Charter. Our vision is of a world where science is at the heart of culture and society. Our mission is to transform the diversity and inclusivity of science; to reach under-served audiences; and increase the number of people who are actively engaged and involved in science. By unlocking the potential of a more diverse group of people, we increase our ability to tackle some of the world’s biggest challenges and shape our future for the better.We organise major initiatives across the UK, including British Science Week; the British Science Festival; regional and local events through our network of Branches; the CREST Awards, and other programmes for young people in schools and colleges. We run specific activities and training for professional science communicators; we undertake research and policy work; and we seek to influence and collaborate with stakeholders including policy makers and opinion formers, leaders from across different sectors of business, industry and public life.","Science & Tech, Science, Conference",5.0,https://www.eventbrite.co.uk/e/bridges-to-belonging-supporting-the-leap-from-school-to-stem-careers-tickets-1986972522302,data_eventbrite\images\1986972522302_Bridges_to_belonging_supporting_the_leap_from_school_to_STEM_careers.jpg
1987301251540,"Build Reliable GenAI Applications with AI Evals, Observability & Testing",EventScheduled,https://img.evbuc.com/https%3A%2F%2Fcdn.evbuc.com%2Fimages%2F1185714143%2F2880927732961%2F1%2Foriginal.20260529-164338?crop=focalpoint&fit=crop&w=940&auto=format%2Ccompress&q=75&sharp=10&fp-x=0.5&fp-y=0.5&s=a8735564c7c35235f16e376179e8307d,2026-06-27T09:30:00-04:00,2026-06-27T13:30:00-04:00,Online,,Packt Publishing Limited,,"Science & Tech, High Tech, Class",161.9,https://www.eventbrite.co.uk/e/build-reliable-genai-applications-with-ai-evals-observability-testing-tickets-1987301251540,data_eventbrite\images\1987301251540_Build_Reliable_GenAI_Applications_with_AI_Evals_Observability_Testing.jpg
1973162765949,Can Infiltrators be Indicators? Understanding Cuckoo Bumblebees,EventScheduled,https://img.evbuc.com/https%3A%2F%2Fcdn.evbuc.com%2Fimages%2F1171227395%2F2749367291521%2F1%2Foriginal.20251118-111552?w=940&auto=format%2Ccompress&q=75&sharp=10&rect=0%2C133%2C4418%2C2209&s=7534acdd18393d9fe06d2c243222fa76,2026-07-21T13:00:00+01:00,2026-07-21T14:00:00+01:00,Online,,The Biological Recording Company,"T﻿he Biological Recording Company provide a range of events focused on educating and training biological recorders and biodiversity professionals in the United Kingdom.entoLIVE Webinarsare free 1-hour virtual events exploring the science of insects and other invertebrates. Each webinar will feature an invertebrate scientist and are suitable for adults of all abilities – a passion for invertebrates is all that’s required!V﻿irtual Symposiumsexplore a subject in more detail through a series of talks from subject experts. These longer events have a small charge and are often available with an 'earlybird' discount.F﻿ield Recorder Daysare 1-day events where experienced and novice recorders come together to record the wildlife of a site. Records are generally collated through iRecord and shared with the site manager, Local Environmental Record Centre and relevant National Recording Schemes/Societies.E﻿arthworm Training Coursescover topics such as biology, ecology, sampling techniques and identification.","Science & Tech, Science, Seminar",0.0,https://www.eventbrite.co.uk/e/can-infiltrators-be-indicators-understanding-cuckoo-bumblebees-tickets-1973162765949,data_eventbrite\images\1973162765949_Can_Infiltrators_be_Indicators_Understanding_Cuckoo_Bumblebees.jpg
1981718540501,Fly Research and Conservation Virtual Symposium,EventScheduled,https://img.evbuc.com/https%3A%2F%2Fcdn.evbuc.com%2Fimages%2F1175941388%2F111492295925%2F1%2Foriginal.20260127-124432?w=940&auto=format%2Ccompress&q=75&sharp=10&rect=0%2C137%2C4400%2C2200&s=853bd1f29b05b7d143d68c86757cb86e,2026-06-23T10:00:00+01:00,2026-06-23T13:00:00+01:00,Online,,The Biological Recording Company,"T﻿he Biological Recording Company provide a range of events focused on educating and training biological recorders and biodiversity professionals in the United Kingdom.entoLIVE Webinarsare free 1-hour virtual events exploring the science of insects and other invertebrates. Each webinar will feature an invertebrate scientist and are suitable for adults of all abilities – a passion for invertebrates is all that’s required!V﻿irtual Symposiumsexplore a subject in more detail through a series of talks from subject experts. These longer events have a small charge and are often available with an 'earlybird' discount.F﻿ield Recorder Daysare 1-day events where experienced and novice recorders come together to record the wildlife of a site. Records are generally collated through iRecord and shared with the site manager, Local Environmental Record Centre and relevant National Recording Schemes/Societies.E﻿arthworm Training Coursescover topics such as biology, ecology, sampling techniques and identification.","Science & Tech, Science, Conference",30.0,https://www.eventbrite.co.uk/e/fly-research-and-conservation-virtual-symposium-tickets-1981718540501,data_eventbrite\images\1981718540501_Fly_Research_and_Conservation_Virtual_Symposium.jpg
1977763231064,Formica Ants,EventScheduled,https://img.evbuc.com/https%3A%2F%2Fcdn.evbuc.com%2Fimages%2F1172899012%2F111492295925%2F1%2Foriginal.20251213-103539?w=940&auto=format%2Ccompress&q=75&sharp=10&rect=0%2C152%2C4400%2C2200&s=156928cec629d9c989c4edcbe3f8993b,2026-06-30T18:00:00+01:00,2026-06-30T19:30:00+01:00,Online,,The Biological Recording Company,"T﻿he Biological Recording Company provide a range of events focused on educating and training biological recorders and biodiversity professionals in the United Kingdom.entoLIVE Webinarsare free 1-hour virtual events exploring the science of insects and other invertebrates. Each webinar will feature an invertebrate scientist and are suitable for adults of all abilities – a passion for invertebrates is all that’s required!V﻿irtual Symposiumsexplore a subject in more detail through a series of talks from subject experts. These longer events have a small charge and are often available with an 'earlybird' discount.F﻿ield Recorder Daysare 1-day events where experienced and novice recorders come together to record the wildlife of a site. Records are generally collated through iRecord and shared with the site manager, Local Environmental Record Centre and relevant National Recording Schemes/Societies.E﻿arthworm Training Coursescover topics such as biology, ecology, sampling techniques and identification.","Science & Tech, Science, Class",12.5,https://www.eventbrite.co.uk/e/formica-ants-tickets-1977763231064,data_eventbrite\images\1977763231064_Formica_Ants.jpg
1986972957604,Keynote - Making the most of the internet with Mr P MBE,EventScheduled,https://img.evbuc.com/https%3A%2F%2Fcdn.evbuc.com%2Fimages%2F1181672480%2F2844117633421%2F1%2Foriginal.20260408-090947?crop=focalpoint&fit=crop&w=940&auto=format%2Ccompress&q=75&sharp=10&fp-x=0.031&fp-y=0.51&s=1d1b391f6fb73ed9bd201a8695760df6,2026-06-18T16:00:00+01:00,2026-06-18T16:35:00+01:00,Online,,The British Science Association,"The British Science Association (BSA) is a charity, founded in 1831 and incorporated by Royal Charter. Our vision is of a world where science is at the heart of culture and society. Our mission is to transform the diversity and inclusivity of science; to reach under-served audiences; and increase the number of people who are actively engaged and involved in science. By unlocking the potential of a more diverse group of people, we increase our ability to tackle some of the world’s biggest challenges and shape our future for the better.We organise major initiatives across the UK, including British Science Week; the British Science Festival; regional and local events through our network of Branches; the CREST Awards, and other programmes for young people in schools and colleges. We run specific activities and training for professional science communicators; we undertake research and policy work; and we seek to influence and collaborate with stakeholders including policy makers and opinion formers, leaders from across different sectors of business, industry and public life.","Science & Tech, Science, Conference",5.0,https://www.eventbrite.co.uk/e/keynote-making-the-most-of-the-internet-with-mr-p-mbe-tickets-1986972957604,data_eventbrite\images\1986972957604_Keynote_-_Making_the_most_of_the_internet_with_Mr_P_MBE.jpg
1986970579491,Making primary science more inclusive,EventScheduled,https://img.evbuc.com/https%3A%2F%2Fcdn.evbuc.com%2Fimages%2F1181670256%2F2844117633421%2F1%2Foriginal.20260408-083032?w=940&auto=format%2Ccompress&q=75&sharp=10&s=1b35bb5717305fd30120882fbdf3478c,2026-06-17T16:00:00+01:00,2026-06-17T16:45:00+01:00,Online,,The British Science Association,"The British Science Association (BSA) is a charity, founded in 1831 and incorporated by Royal Charter. Our vision is of a world where science is at the heart of culture and society. Our mission is to transform the diversity and inclusivity of science; to reach under-served audiences; and increase the number of people who are actively engaged and involved in science. By unlocking the potential of a more diverse group of people, we increase our ability to tackle some of the world’s biggest challenges and shape our future for the better.We organise major initiatives across the UK, including British Science Week; the British Science Festival; regional and local events through our network of Branches; the CREST Awards, and other programmes for young people in schools and colleges. We run specific activities and training for professional science communicators; we undertake research and policy work; and we seek to influence and collaborate with stakeholders including policy makers and opinion formers, leaders from across different sectors of business, industry and public life.","Science & Tech, Science, Conference",5.0,https://www.eventbrite.co.uk/e/making-primary-science-more-inclusive-tickets-1986970579491,data_eventbrite\images\1986970579491_Making_primary_science_more_inclusive.jpg
1989365606080,Orchestrating AI-Native  Testing with Playwright - C2,EventScheduled,https://img.evbuc.com/https%3A%2F%2Fcdn.evbuc.com%2Fimages%2F1184662333%2F2172137174363%2F1%2Foriginal.20260515-062712?crop=focalpoint&fit=crop&w=940&auto=format%2Ccompress&q=75&sharp=10&fp-x=0.5&fp-y=0.5&s=ad64febf12bb22398e4bc726c861f8f2,2026-07-08T08:30:00-04:00,2026-07-08T12:00:00-04:00,Online,,Packt Publishing Limited,,"Science & Tech, High Tech, Class",108.54,https://www.eventbrite.co.uk/e/orchestrating-ai-native-testing-with-playwright-c2-tickets-1989365606080,data_eventbrite\images\1989365606080_Orchestrating_AI-Native_Testing_with_Playwright_-_C2.jpg
1987331540134,The Psychology of ADHD & Alcohol,EventScheduled,https://img.evbuc.com/https%3A%2F%2Fcdn.evbuc.com%2Fimages%2F1183792616%2F1941367747473%2F1%2Foriginal.20260505-080259?crop=focalpoint&fit=crop&w=940&auto=format%2Ccompress&q=75&sharp=10&fp-x=0.5&fp-y=0.5&s=4b8746d49f7187a19955e151ee1946ba,2026-06-21T17:00:00+01:00,2026-06-21T19:00:00+01:00,Online,,Seed Talks,Learn something new. Plant an idea. Watch it grow.,"Science & Tech, Science, Seminar",17.0,https://www.eventbrite.co.uk/e/the-psychology-of-adhd-alcohol-tickets-1987331540134,data_eventbrite\images\1987331540134_The_Psychology_of_ADHD_Alcohol.jpg
1987931805544,The Science of DMT & Ayahuasca [online],EventScheduled,https://img.evbuc.com/https%3A%2F%2Fcdn.evbuc.com%2Fimages%2F1182684251%2F2813136321771%2F1%2Foriginal.20260421-153255?crop=focalpoint&fit=crop&w=940&auto=format%2Ccompress&q=75&sharp=10&fp-x=0.5&fp-y=0.5&s=c680547f85d3ecaabd1f2b959043710a,2026-06-22T19:00:00+01:00,2026-06-22T21:30:00+01:00,Online,,Seed Talks,Learn something new. Plant an idea. Watch it grow.,"Science & Tech, Science, Seminar",13.5,https://www.eventbrite.co.uk/e/the-science-of-dmt-ayahuasca-online-tickets-1987931805544,data_eventbrite\images\1987931805544_The_Science_of_DMT_Ayahuasca_online.jpg
1990927095537,第８１回JABIサロン　AI —実装の最前線 シリコンバレー発・3 社が語るビジネス変革のリアル,EventScheduled,https://img.evbuc.com/https%3A%2F%2Fcdn.evbuc.com%2Fimages%2F1186032081%2F30735095115%2F1%2Foriginal.20260603-053811?crop=focalpoint&fit=crop&w=940&auto=format%2Ccompress&q=75&sharp=10&fp-x=0.5&fp-y=0.5&s=9fd6ff96e594e272489d29a46a7e8d52,2026-06-26T18:00:00-07:00,2026-06-26T19:30:00-07:00,Online,,JABI-SV (Japan America Business Initiatives - Silicon Valley),,"Science & Tech, High Tech, Seminar",0.0,https://www.eventbrite.com/e/81jabi-ai-3-tickets-1990927095537,data_eventbrite\images\1990927095537_第８１回JABIサロン_AI_実装の最前線_シリコンバレー発3_社が語るビジネス変革のリアル.jpg
1987929056321,"Book talk: ""Tending Your Forest: A Guide to Ecological Forest Stewardship”",EventScheduled,https://img.evbuc.com/https%3A%2F%2Fcdn.evbuc.com%2Fimages%2F1182681070%2F2984701746476%2F1%2Foriginal.20260421-150738?w=940&auto=format%2Ccompress&q=75&sharp=10&s=a348c316c5d38d7695d419a6b1e6f6cd,2026-06-22T18:00:00-04:00,2026-06-22T19:15:00-04:00,Online,,Vermont Land Trust,,"Science & Tech, Medicine, Seminar",0.0,https://www.eventbrite.com/e/book-talk-tending-your-forest-a-guide-to-ecological-forest-stewardship-registration-1987929056321,data_eventbrite\images\1987929056321_Book_talk_Tending_Your_Forest_A_Guide_to_Ecological_Forest_Stewardship.jpg
1991820432532,Brain Entropy and 5-MeO-DMT hosted by F.I.V.E.,EventScheduled,https://img.evbuc.com/https%3A%2F%2Fcdn.evbuc.com%2Fimages%2F1187041481%2F1232061528343%2F1%2Foriginal.20260616-163924?crop=focalpoint&fit=crop&w=940&auto=format%2Ccompress&q=75&sharp=10&fp-x=0.5&fp-y=0.5&s=14a02bbc93a80f538ea76ac4062d348d,2026-06-24T12:00:00-04:00,2026-06-24T13:45:00-04:00,Online,,F.I.V.E. 5-MeO-DMT Information & Vital Education,,"Science & Tech, Medicine, Seminar",0.0,https://www.eventbrite.com/e/brain-entropy-and-5-meo-dmt-hosted-by-five-tickets-1991820432532,data_eventbrite\images\1991820432532_Brain_Entropy_and_5-MeO-DMT_hosted_by_FIVE.jpg
1990050186679,Nature-Made: Understanding and Adopting Bio-Based and Natural Materials,EventScheduled,https://img.evbuc.com/https%3A%2F%2Fcdn.evbuc.com%2Fimages%2F1186253180%2F334308875867%2F1%2Foriginal.20260605-160904?w=940&auto=format%2Ccompress&q=75&sharp=10&s=3d66fd3c146d56438af341a36546a47b,2026-06-18T12:00:00-07:00,2026-06-18T13:00:00-07:00,Online,,USGBC-CA,"USGBC-CA is about peopleWe’re a member-based, non-profit organization representing green building and sustainability professionals in California. We are passionate, practical, and informed advocates who work together to transform California’s built environment into a more sustainable, resilient, and equitable region for all.Join our diverse community of developers, builders, owners, facility managers, architects, engineers, planners, technologists, green financiers, students of sustainability, green building experts, and advocates! With over 100 annual events, 13 training categories, and 14 programs, you’ve found your home for accelerating sustainability in California.Click here to support our small non-profit!Want to stay in the know?Click here to be sure you'll never miss an upcoming event from USGBC-CA!","Science & Tech, Biotech, Seminar",0.0,https://www.eventbrite.com/e/nature-made-understanding-and-adopting-bio-based-and-natural-materials-tickets-1990050186679,data_eventbrite\images\1990050186679_Nature-Made_Understanding_and_Adopting_Bio-Based_and_Natural_Materials.jpg
1990393229730,Resolving Conflicts in Conservation,EventScheduled,https://img.evbuc.com/https%3A%2F%2Fcdn.evbuc.com%2Fimages%2F928663163%2F154503689774%2F1%2Foriginal.20250106-162658?crop=focalpoint&fit=crop&w=940&auto=format%2Ccompress&q=75&sharp=10&fp-x=0.499032882012&fp-y=0.43665436889&s=808f1e26a5114e0cd791febf3c15a521,2026-06-30T13:00:00-05:00,2026-06-30T14:00:00-05:00,Online,,Soil and Water Conservation Society,,"Science & Tech, Other, Seminar",0.0,https://www.eventbrite.com/e/resolving-conflicts-in-conservation-tickets-1990393229730,data_eventbrite\images\1990393229730_Resolving_Conflicts_in_Conservation.jpg
1990004941349,The Fight for the Public Record (Future Knowledge Podcast),EventScheduled,https://img.evbuc.com/https%3A%2F%2Fcdn.evbuc.com%2Fimages%2F1185043374%2F154460368634%2F1%2Foriginal.20260520-145455?crop=focalpoint&fit=crop&w=940&auto=format%2Ccompress&q=75&sharp=10&fp-x=0.017&fp-y=0.118&s=35b0a41e64ca751dca2009efc3d3108e,2026-06-23T10:00:00-07:00,2026-06-23T11:00:00-07:00,Online,,Internet Archive,"The Internet Archive is a 501(c)(3) non-profit that was founded to build an Internet library. Its purposes include offering permanent access for researchers, historians, scholars, people with disabilities, and the general public to historical collections that exist in digital format.","Science & Tech, High Tech, Seminar",0.0,https://www.eventbrite.com/e/the-fight-for-the-public-record-future-knowledge-podcast-tickets-1990004941349,data_eventbrite\images\1990004941349_The_Fight_for_the_Public_Record_Future_Knowledge_Podcast.jpg
812165377507,How to Do a  Venture Capital Financing,EventScheduled,https://img.evbuc.com/https%3A%2F%2Fcdn.evbuc.com%2Fimages%2F485664049%2F3951017871%2F1%2Foriginal.20210122-000942?w=940&auto=format%2Ccompress&q=75&sharp=10&rect=4%2C0%2C306%2C153&s=6934953745ff9f5f7456c5f96c1df3f7,2026-07-23T09:00:00-07:00,2026-07-23T10:30:00-07:00,Online,,Idea to IPO,"Entrepreneurship permeates the culture of the Digital Age.The advent of the Digital Age has democratized innovation and entrepreneurship.Never before has it been more possible for anyone from anywhere,  with  a great idea and a burning desire to succeed,  to make it big, and,  in the process, change the world in a relatively short period of time.HP, Intel, Apple, Microsoft, Cisco, Oracle, Yahoo,  eBay, Amazon, Google, Facebook and many, many, many other iconic companies all started with just an idea.Taking a startup from idea to IPO has taken on mythical proportions in Silicon Valley and beyond.  Many dream the dream, with hopes of launching the ""next big thing"".We are a community of entrepreneurs, technologists, academics, financial professionals, corporate executives, attorneys, academics, bloggers, writers, content creators, and social activists.One of the compelling features of our meetup group is our packed,  busy calendar full of  informative programs and practical activities designed to help our entrepreneurial members achieve their objectives and realize their aspirations.  Taking advantage of  this vast array of relevant content will make you a better entrepreneur.We believe in working together.  We share resources, exchange ideas, and actively network with each other.  We  participate  in  on-line  as well as  off-line events.Our events feature expert speakers, networking opportunities, collaboration, community, and fellowship.Most of our events are free and open to all.","Business, Startups & Small Business, Class",0.0,https://www.eventbrite.ca/e/how-to-do-a-venture-capital-financing-tickets-812165377507,data_eventbrite\images\812165377507_How_to_Do_a_Venture_Capital_Financing.jpg
1990342964385,Industry Day,EventScheduled,https://img.evbuc.com/https%3A%2F%2Fcdn.evbuc.com%2Fimages%2F1185618021%2F2886703804401%2F1%2Foriginal.20260528-143910?crop=focalpoint&fit=crop&w=940&auto=format%2Ccompress&q=75&sharp=10&fp-x=0.5&fp-y=0.5&s=4071f5d346fae423491fb1b367f2ffbc,2026-06-29T13:30:00-04:00,2026-06-29T15:30:00-04:00,Online,,FINTRAC-CANAFE / Supervision-Surveillance,,"Business, Other, Conference",0.0,https://www.eventbrite.ca/e/industry-day-tickets-1990342964385,data_eventbrite\images\1990342964385_Industry_Day.jpg
1987285612764,Managing Research Data [ResBaz],EventScheduled,https://img.evbuc.com/https%3A%2F%2Fcdn.evbuc.com%2Fimages%2F1006482323%2F1129868258113%2F1%2Foriginal.20250411-033807?w=940&auto=format%2Ccompress&q=75&sharp=10&s=40a29c73bcd383aab003819613300c66,2026-06-29T10:00:00+12:00,2026-06-29T12:00:00+12:00,Online,,Centre for eResearch,The Centre for eResearch (CeR) is a research platform hosted by the Faculty of Science to provide services to researchers across the University of Auckland community.,,0.0,https://www.eventbrite.co.nz/e/managing-research-data-resbaz-tickets-1987285612764,data_eventbrite\images\1987285612764_Managing_Research_Data_ResBaz.jpg
1985866991630,5th Annual Spoken Word to Go-Go Championship - Finale,EventScheduled,https://img.evbuc.com/https%3A%2F%2Fcdn.evbuc.com%2Fimages%2F1180603116%2F205371252529%2F1%2Foriginal.20260324-201523?crop=focalpoint&fit=crop&w=940&auto=format%2Ccompress&q=75&sharp=10&fp-x=0.5&fp-y=0.5&s=f80de51127f1ca43f593ea3ed91ef81e,2026-06-27T19:00:00-04:00,2026-06-27T22:00:00-04:00,Art to Go-Go Village,"555 Pennsylvania Avenue Northwest, Washington, DC 20001, Washington, DC, US",Art to Go-Go,,"Arts, Literary Arts, Game",0.0,https://www.eventbrite.com/e/5th-annual-spoken-word-to-go-go-championship-finale-tickets-1985866991630,data_eventbrite\images\1985866991630_5th_Annual_Spoken_Word_to_Go-Go_Championship_-_Finale.jpg
1989254727439,A Juneteenth Joint,EventScheduled,https://img.evbuc.com/https%3A%2F%2Fcdn.evbuc.com%2Fimages%2F1185901648%2F246051990193%2F1%2Foriginal.20260601-201702?crop=focalpoint&fit=crop&w=940&auto=format%2Ccompress&q=75&sharp=10&fp-x=0.5&fp-y=0.5&s=ae386d505119a1b112096a10fb7cd44b,2026-06-19T12:00:00-04:00,2026-06-19T18:00:00-04:00,Transit Pier at The Wharf,"970 Wharf Street Southwest, Washington, DC 20024, Washington, DC, US",GOODProjects,"GOODProjects was founded on the commitment of three young Black men in their senior year of college to empower families in their hometown of Washington, D.C. to live fulfilling lives free from the effects of poverty. Since then, GOODProjects has invested millions of dollars and helped thousands of families develop the growth mindsets to thrive in their own communities. Although GOODProjects has become one of the largest family services providers in the District, the very first program in 2016 was a small self-funded football camp at Anacostia High School to combat gun violence.","Community, Heritage, Party",0.0,https://www.eventbrite.com/e/a-juneteenth-joint-tickets-1989254727439,data_eventbrite\images\1989254727439_A_Juneteenth_Joint.jpg
1988558825979,A Mini Cake Decorating Workshop with Mr. Bake,EventScheduled,https://img.evbuc.com/https%3A%2F%2Fcdn.evbuc.com%2Fimages%2F1173861579%2F2728781049541%2F1%2Foriginal.20260102-203517?crop=focalpoint&fit=crop&w=940&auto=format%2Ccompress&q=75&sharp=10&fp-x=0.013&fp-y=0.528&s=1f7a788a9c65b6eaa31a5d6930a3cba5,2026-06-21T15:00:00-04:00,2026-06-21T17:00:00-04:00,Shop Made In DC - Union Market,"325 Morse Street Northeast, #Suite 4, Washington, DC 20002, Washington, DC, US",Shop Made in DC,M﻿ISSION DRIVEN RETAIL W/ DIY PROGRAMMING.,"Food & Drink, Food, Class",106.4,https://www.eventbrite.com/e/a-mini-cake-decorating-workshop-with-mr-bake-tickets-1988558825979,data_eventbrite\images\1988558825979_A_Mini_Cake_Decorating_Workshop_with_Mr_Bake.jpg
1990109429877,"A Study in Form: Asawa, Noguchi & Frankenthaler",EventScheduled,https://img.evbuc.com/https%3A%2F%2Fcdn.evbuc.com%2Fimages%2F1185145157%2F4276856889%2F1%2Foriginal.20260521-161254?crop=focalpoint&fit=crop&w=940&auto=format%2Ccompress&q=75&sharp=10&fp-x=0.5&fp-y=0.5&s=c92ad7432638d0b598b120a3a2bbb394,2026-08-09T16:00:00-04:00,2026-08-09T17:00:00-04:00,"National Portrait Gallery, Smithsonian Institution","800 G St NW, Washington, DC 20001, Washington, DC, US",National Portrait Gallery,,"Arts, Fine Art, Performance",0.0,https://www.eventbrite.com/e/a-study-in-form-asawa-noguchi-frankenthaler-tickets-1990109429877,data_eventbrite\images\1990109429877_A_Study_in_Form_Asawa_Noguchi_Frankenthaler.jpg
1985510548499,After Dark D.C. (2026),EventScheduled,https://img.evbuc.com/https%3A%2F%2Fcdn.evbuc.com%2Fimages%2F1181363549%2F223091179779%2F1%2Foriginal.20260403-120146?crop=focalpoint&fit=crop&w=940&auto=format%2Ccompress&q=75&sharp=10&fp-x=0.517&fp-y=0.577&s=4156a8ef53bb9cd50f2cf324e48a0c6b,2026-06-20T21:00:00-04:00,2026-06-21T03:00:00-04:00,Karma DC Live Music Venue,"2221 Adams Place Northeast, Washington, DC 20018, Washington, DC, US",Hookie Life Entertainment,,"Music, DJ/Dance, Party",31.25,https://www.eventbrite.com/e/after-dark-dc-2026-tickets-1985510548499,data_eventbrite\images\1985510548499_After_Dark_DC_2026.jpg
1986081379871,ALL BLACK PARTY PERFORMING LIVE FAT JOE | JADAKISS | DJ QUICKSILVA,EventScheduled,https://img.evbuc.com/https%3A%2F%2Fcdn.evbuc.com%2Fimages%2F1186606834%2F12781753321%2F1%2Foriginal.20260610-163644?w=940&auto=format%2Ccompress&q=75&sharp=10&s=167055ce4473ec7bd0fdb85319d7dce4,2026-06-19T20:00:00-04:00,2026-06-20T02:00:00-04:00,"The Westin Washington, DC Downtown","999 9th Street Northwest, Washington, DC 20001, Washington, DC, US",SOCIAL ARCHITECTS - TERRY FRASIER,,"Food & Drink, Other, Party",57.15,https://www.eventbrite.com/e/all-black-party-performing-live-fat-joe-jadakiss-dj-quicksilva-tickets-1986081379871,data_eventbrite\images\1986081379871_ALL_BLACK_PARTY_PERFORMING_LIVE_FAT_JOE_JADAKISS_DJ_QUICKSILVA.jpg
1989332842082,American Job Center Job & Resource Lab - Capital Heights Grand Opening,EventScheduled,https://img.evbuc.com/https%3A%2F%2Fcdn.evbuc.com%2Fimages%2F1185060709%2F566317621685%2F1%2Foriginal.20260520-174721?crop=focalpoint&fit=crop&w=940&auto=format%2Ccompress&q=75&sharp=10&fp-x=0.5&fp-y=0.5&s=2543a97059ad57731cae740fe29b494a,2026-06-18T10:00:00-04:00,2026-06-18T11:00:00-04:00,1 Capitol Heights Blvd,"1 Capitol Heights Boulevard, Capitol Heights, MD 20743, Capitol Heights, MD, US",Employ Prince George's,,"Business, Career, Networking",0.0,https://www.eventbrite.com/e/american-job-center-job-resource-lab-capital-heights-grand-opening-tickets-1989332842082,data_eventbrite\images\1989332842082_American_Job_Center_Job_Resource_Lab_-_Capital_Heights_Grand_Opening.jpg
1991009708635,CAPITAL AFTER DARK: BOLLYWOOD EDITION,EventScheduled,https://img.evbuc.com/https%3A%2F%2Fcdn.evbuc.com%2Fimages%2F1186126782%2F1583278054043%2F1%2Foriginal.20260604-041941?crop=focalpoint&fit=crop&w=940&auto=format%2Ccompress&q=75&sharp=10&fp-x=0.5&fp-y=0.5&s=4f5917723f5917c66466c95fe07e1406,2026-06-19T22:00:00-04:00,2026-06-20T03:00:00-04:00,1400 I St NW,"1400 I Street Northwest, Washington, DC 20005, Washington, DC, US",Brewing Beats Entertainments,,"Music, DJ/Dance, Party",0.0,https://www.eventbrite.com/e/capital-after-dark-bollywood-edition-tickets-1991009708635,data_eventbrite\images\1991009708635_CAPITAL_AFTER_DARK_BOLLYWOOD_EDITION.jpg
1986899304305,District of PRIDE Showcase at Lincoln Theatre,EventScheduled,https://img.evbuc.com/https%3A%2F%2Fcdn.evbuc.com%2Fimages%2F1185140825%2F188838848155%2F1%2Foriginal.20260521-152716?crop=focalpoint&fit=crop&w=940&auto=format%2Ccompress&q=75&sharp=10&fp-x=0.495&fp-y=0.377&s=e6a98a673fd5ae1994d621ee9c590ec5,2026-06-17T19:00:00-04:00,,Lincoln Theatre,"1215 U Street Northwest, Washington, DC 20009, Washington, DC, US",Executive Office of the Mayor,,"Community, LGBT, Performance",0.0,https://www.eventbrite.com/e/district-of-pride-showcase-at-lincoln-theatre-tickets-1986899304305,data_eventbrite\images\1986899304305_District_of_PRIDE_Showcase_at_Lincoln_Theatre.jpg
1989622522524,DMV Professionals Networking: All Industries,EventScheduled,https://img.evbuc.com/https%3A%2F%2Fcdn.evbuc.com%2Fimages%2F1184640676%2F1895881285583%2F1%2Foriginal.20260514-220923?crop=focalpoint&fit=crop&w=940&auto=format%2Ccompress&q=75&sharp=10&fp-x=0.536&fp-y=0.189&s=21a2d057583226ea6ffc5878a34e8b42,2026-06-25T18:00:00-04:00,2026-06-25T22:00:00-04:00,Focus Social Club,"1348 H Street Northeast, Washington, DC 20002, Washington, DC, US",Them2Us,,"Business, Startups & Small Business, Party",0.0,https://www.eventbrite.com/e/dmv-professionals-networking-all-industries-tickets-1989622522524,data_eventbrite\images\1989622522524_DMV_Professionals_Networking_All_Industries.jpg
1990088060962,Entrepreneurship Expo: Pivot. Profit. Power.,EventScheduled,https://img.evbuc.com/https%3A%2F%2Fcdn.evbuc.com%2Fimages%2F1185311972%2F99334978269%2F1%2Foriginal.20260524-135846?crop=focalpoint&fit=crop&w=940&auto=format%2Ccompress&q=75&sharp=10&fp-x=0.5&fp-y=0.5&s=88e900941289106c8ec3e754220ab0c3,2026-06-20T10:00:00-04:00,2026-06-20T15:00:00-04:00,District of Columbia Housing Finance Agency,"815 Florida Avenue Northwest, Washington, DC 20001, Washington, DC, US","Washington DC Alumnae Chapter, Delta Sigma Theta","Since its founding in 1913 Delta Sigma Theta has clearly distinguished itself as a public service organization that boldly confronts the challenges of African Americans and, hence, all Americans. Over the years, a wide range of programs addressing education, health, international development, and strengthening of the African American family have evolved. In realizing its mission, Delta Sigma Theta provides an extensive array of public service initiatives through its Five-Point Program Thrust of Economic Development, Educational Development, International Awareness and Involvement, Physical and Mental Health, and Political Awareness and Involvement.Since its chartering in February 1921, the Washington DC Alumnae Chapter (WDCAC) of Delta Sigma Theta Sorority, Inc., has mirrored its programs of community service in the distinguished image of its National organization, which in dramatic fashion, clearly confronts the challenges of African-Americans and their families. For more than 100 years, WDCAC has worked tirelessly to develop and implement a wide range of empowering programs and initiatives that emulate its shared mission with that of Delta Sigma Theta Sorority, Inc.","Business, Startups & Small Business, Expo",0.0,https://www.eventbrite.com/e/entrepreneurship-expo-pivot-profit-power-tickets-1990088060962,data_eventbrite\images\1990088060962_Entrepreneurship_Expo_Pivot_Profit_Power.jpg
1986939005051,Evening at the Embassy of Angola,EventScheduled,https://img.evbuc.com/https%3A%2F%2Fcdn.evbuc.com%2Fimages%2F1000983643%2F84203646226%2F1%2Foriginal.20250404-145224?crop=focalpoint&fit=crop&w=940&auto=format%2Ccompress&q=75&sharp=10&fp-x=0.5&fp-y=0.5&s=ba3daf4539714840d58af8293f4ce88a,2026-06-25T19:00:00-04:00,2026-06-25T22:00:00-04:00,Embassy of Angola,"2100 16th Street Northwest, Washington, DC 20009, Washington, DC, US",EmbassyExperiences.com,A site dedicated to introducing culture to the young professionals of the greater D.C. Region.,"Community, Nationality, Gala",73.71,https://www.eventbrite.com/e/evening-at-the-embassy-of-angola-tickets-1986939005051,data_eventbrite\images\1986939005051_Evening_at_the_Embassy_of_Angola.jpg
1986656850118,Financial Empowerment & Housing Summit,EventScheduled,https://img.evbuc.com/https%3A%2F%2Fcdn.evbuc.com%2Fimages%2F1186241698%2F58047660057%2F1%2Foriginal.20260605-134900?crop=focalpoint&fit=crop&w=940&auto=format%2Ccompress&q=75&sharp=10&fp-x=0.5&fp-y=0.5&s=ac3aebe2099ec392fc45ebc66a1a5b82,2026-06-27T10:00:00-04:00,2026-06-27T15:00:00-04:00,UDC-CC Lamond-Riggs Campus,"5171 South Dakota Avenue Northeast, Washington, DC 20017, Washington, DC, US","DC Department of Insurance, Securities and Banking",,"Business, Finance, Conference",0.0,https://www.eventbrite.com/e/financial-empowerment-housing-summit-tickets-1986656850118,data_eventbrite\images\1986656850118_Financial_Empowerment_Housing_Summit.jpg
1991793083731,Got Matcha?  A Co-Working Pop-Up by Nuclei.,EventScheduled,https://img.evbuc.com/https%3A%2F%2Fcdn.evbuc.com%2Fimages%2F1186783848%2F886739668473%2F1%2Foriginal.20260612-190806?crop=focalpoint&fit=crop&w=940&auto=format%2Ccompress&q=75&sharp=10&fp-x=0.5&fp-y=0.5&s=62c434733e5193ed52150f45f75e8ae4,2026-06-20T12:00:00-04:00,2026-06-20T16:00:00-04:00,"Grounded: Plant Shop, Cafe, & Wellness Studio","1913 Martin Luther King Junior Avenue Southeast, Washington, DC 20020, Washington, DC, US",Grounded,,"Business, Startups & Small Business, Networking",0.0,https://www.eventbrite.com/e/got-matcha-a-co-working-pop-up-by-nuclei-tickets-1991793083731,data_eventbrite\images\1991793083731_Got_Matcha_A_Co-Working_Pop-Up_by_Nuclei.jpg
1989860972735,Graffiti Art Workshop with Artist Luis Del Valle,EventScheduled,https://img.evbuc.com/https%3A%2F%2Fcdn.evbuc.com%2Fimages%2F1185498971%2F1363186965923%2F1%2Foriginal.20260527-045711?crop=focalpoint&fit=crop&w=940&auto=format%2Ccompress&q=75&sharp=10&fp-x=0.377&fp-y=0.493&s=e99e33962826adcf55b7504982e06700,2026-07-18T11:30:00-04:00,2026-07-18T14:00:00-04:00,Smithsonian's Anacostia Community Museum,"1901 Fort Pl, SE, Washington, DC 20020, Washington, DC, US",Smithsonian's Anacostia Community Museum,"The Smithsonian's Anacostia Community Museum documents and preserves communities’ memories, struggles, and successes, and offers a platform where diverse voices and cultures can be heard.","Arts, Fine Art, Class",0.0,https://www.eventbrite.com/e/graffiti-art-workshop-with-artist-luis-del-valle-tickets-1989860972735,data_eventbrite\images\1989860972735_Graffiti_Art_Workshop_with_Artist_Luis_Del_Valle.jpg
1988450619330,Green Drinks DC's June Happy Hour!,EventScheduled,https://img.evbuc.com/https%3A%2F%2Fcdn.evbuc.com%2Fimages%2F1183288208%2F20123175044%2F1%2Foriginal.20260429-010500?crop=focalpoint&fit=crop&w=940&auto=format%2Ccompress&q=75&sharp=10&fp-x=0.998&fp-y=0.301&s=de4a6f7ac4f75e467568bc511feb84a0,2026-06-17T18:00:00-04:00,2026-06-17T20:30:00-04:00,City-State Public House,"705 Edgewood Street Northeast, Washington, DC 20017, Washington, DC, US",Green Drinks DC,"Green Drinks DC is a monthly social series for environmentally-minded professionals, students, and enthusiasts in the nation’s capital.We have a lively mixture of people from NGOs, academia, government and business. So come along and you’ll be made welcome. It’s a great way of catching up with people you know, making new contacts, and building a network. Bring your friends and tell your network: Green Drinks DC’s events are never something you want to miss!Our goal is to keep these events simple and fun, and we a thrilled that people have found employment, made friends, developed new ideas, done deals, and had moments of serendipity while spending time with Green Drinks DC.Cheers!The Green Drinks DC Committee","Business, Environment & Sustainability, Networking",0.0,https://www.eventbrite.com/e/green-drinks-dcs-june-happy-hour-tickets-1988450619330,data_eventbrite\images\1988450619330_Green_Drinks_DCs_June_Happy_Hour.jpg
1991945240837,Homecoming 2026: Rare Essence,EventScheduled,https://img.evbuc.com/https%3A%2F%2Fcdn.evbuc.com%2Fimages%2F1186990018%2F2824112692261%2F1%2Foriginal.20260616-004920?crop=focalpoint&fit=crop&w=940&auto=format%2Ccompress&q=75&sharp=10&fp-x=1.0&fp-y=0.53&s=57885f48338d790833f74c0e58f6235e,2026-06-18T19:00:00-04:00,2026-06-18T21:00:00-04:00,Sycamore & Oak,"1110 Oak Drive Southeast, Washington, DC 20032, Washington, DC, US",Sycamore & Oak,,"Music, Acoustic, Performance",10.38,https://www.eventbrite.com/e/homecoming-2026-rare-essence-tickets-1991945240837,data_eventbrite\images\1991945240837_Homecoming_2026_Rare_Essence.jpg
1990448030641,HUNXHO hosts SAX Fridays July 3rd,EventScheduled,https://img.evbuc.com/https%3A%2F%2Fcdn.evbuc.com%2Fimages%2F1185476258%2F67700159871%2F1%2Foriginal.20260526-213715?w=940&auto=format%2Ccompress&q=75&sharp=10&s=49dc4bf5c3dd3d810109ae2a3601f9d7,2026-07-03T22:00:00-04:00,2026-07-04T04:00:00-04:00,SAX Dinner Theater and Lounge,"734 11th Street Northwest, Washington, DC 20001, Washington, DC, US",RYAN WHITE,A1 EVENTS,"Music, Hip Hop / Rap, Party",0.0,https://www.eventbrite.com/e/hunxho-hosts-sax-fridays-july-3rd-tickets-1990448030641,data_eventbrite\images\1990448030641_HUNXHO_hosts_SAX_Fridays_July_3rd.jpg
1990020378522,Independence Day VIP Parade Experience,EventScheduled,https://img.evbuc.com/https%3A%2F%2Fcdn.evbuc.com%2Fimages%2F1185059750%2F347818238045%2F1%2Foriginal.20260520-173822?crop=focalpoint&fit=crop&w=940&auto=format%2Ccompress&q=75&sharp=10&fp-x=0.5&fp-y=0.5&s=eba9614f738162dff959823b063d6377,2026-07-04T10:30:00-04:00,2026-07-04T14:30:00-04:00,JW Marriott Washington DC,"1331 Pennsylvania Ave., Washington, DC 20004, Washington, DC, US",American Freedom Initiative,,"Community, Historic, Party",1073.1,https://www.eventbrite.com/e/independence-day-vip-parade-experience-tickets-1990020378522,data_eventbrite\images\1990020378522_Independence_Day_VIP_Parade_Experience.jpg
1989963045036,JUNETEENTH for the Culture Day Party!!!,EventScheduled,https://img.evbuc.com/https%3A%2F%2Fcdn.evbuc.com%2Fimages%2F1184992271%2F1651310460473%2F1%2Foriginal.20260519-230245?crop=focalpoint&fit=crop&w=940&auto=format%2Ccompress&q=75&sharp=10&fp-x=0.503&fp-y=0.129&s=02cb7cac59733796735a2a509c4de7c1,2026-06-19T16:00:00-04:00,2026-06-19T21:30:00-04:00,ONYX Rooftop Lounge,"1815 M Street Northwest, Washington, DC 20036, Washington, DC, US",Trell Maurice & Dilly Dally University,,"Music, R&B, Party",0.0,https://www.eventbrite.com/e/juneteenth-for-the-culture-day-party-tickets-1989963045036,data_eventbrite\images\1989963045036_JUNETEENTH_for_the_Culture_Day_Party.jpg
1988415042920,Juneteenth Kickback,EventScheduled,https://img.evbuc.com/https%3A%2F%2Fcdn.evbuc.com%2Fimages%2F1183238776%2F548589104725%2F1%2Foriginal.20260428-160325?crop=focalpoint&fit=crop&w=940&auto=format%2Ccompress&q=75&sharp=10&fp-x=0.5&fp-y=0.5&s=e2cc75038f63ea22b04ed1db02618dd4,2026-06-19T17:00:00-04:00,2026-06-19T21:00:00-04:00,Mixxed Food & Drinks,"2427 18th Street Northwest, Washington, DC 20009, Washington, DC, US",DC Black MBA Association,,,0.0,https://www.eventbrite.com/e/juneteenth-kickback-tickets-1988415042920,data_eventbrite\images\1988415042920_Juneteenth_Kickback.jpg
1989119157947,"K-Pop Academy One-day Dance Class (July 21, 7 PM) BEGINNER LEVEL",EventScheduled,https://img.evbuc.com/https%3A%2F%2Fcdn.evbuc.com%2Fimages%2F1186528948%2F1140525389463%2F1%2Foriginal.20260609-192042?crop=focalpoint&fit=crop&w=940&auto=format%2Ccompress&q=75&sharp=10&fp-x=0.5&fp-y=0.5&s=9e6bb86f8222be726dc80fbf246a8576,2026-07-21T19:00:00-04:00,2026-07-21T21:00:00-04:00,"Korean Cultural Center, Washington D.C.","2370 Massachusetts Avenue Northwest, Washington, DC 20008, Washington, DC, US","Korean Cultural Center Washington, D.C.","The KCCDC celebrates and shares all things Korea. As a branch of the embassy, we host free public events, partner with artists and institutions,  and are active in our community to promote Korean arts and culture.  We bring people together in a spirit of joy and understanding. We create, educate, celebrate, and illuminate.","Arts, Dance, Class",0.0,https://www.eventbrite.com/e/k-pop-academy-one-day-dance-class-july-21-7-pm-beginner-level-tickets-1989119157947,data_eventbrite\images\1989119157947_K-Pop_Academy_One-day_Dance_Class_July_21_7_PM_BEGINNER_LEVEL.jpg
1988335865097,Loading…Speaks : Essence of Expression,EventScheduled,https://img.evbuc.com/https%3A%2F%2Fcdn.evbuc.com%2Fimages%2F1186065302%2F2801440902931%2F1%2Foriginal.20260603-150013?crop=focalpoint&fit=crop&w=940&auto=format%2Ccompress&q=75&sharp=10&fp-x=0.534&fp-y=0.395&s=07f90e42b6897beb70e8a916d47a4d21,2026-06-18T19:30:00-04:00,2026-06-18T22:00:00-04:00,Shanklin Hall,"2325 18th Street Northwest, Washington, DC 20009, Washington, DC, US",Loading...Productions,,"Arts, Literary Arts, Expo",0.0,https://www.eventbrite.com/e/loadingspeaks-essence-of-expression-tickets-1988335865097,data_eventbrite\images\1988335865097_LoadingSpeaks_Essence_of_Expression.jpg
1783172349499,MOHCD Program Orientation with MEDA  6/18/2026,EventScheduled,https://img.evbuc.com/https%3A%2F%2Fcdn.evbuc.com%2Fimages%2F1172808367%2F13800998441%2F1%2Foriginal.20251212-000753?crop=focalpoint&fit=crop&w=940&auto=format%2Ccompress&q=75&sharp=10&fp-x=0.5&fp-y=0.5&s=512de1d6b0d33d7c5f988b853b599f9f,2026-06-18T18:00:00-07:00,2026-06-18T20:00:00-07:00,Online,,MISSION ECONOMIC DEVELOPMENT AGENCY,"E﻿stablished in 1973, the Mission Economic Development Agency (MEDA) is advancing prosperity, community ownership, and civic power in San Francisco’s Mission District. Through audacious innovation, strategic collaborations, and results-accountability, MEDA serves over 17,000 clients per year, equipping families with the tools to build a thriving, prosperous future.","Other, Class",0.0,https://www.eventbrite.com/e/mohcd-program-orientation-with-meda-6182026-tickets-1783172349499,data_eventbrite\images\1783172349499_MOHCD_Program_Orientation_with_MEDA_6182026.jpg
1985332010487,NBA Fest DC,EventScheduled,https://img.evbuc.com/https%3A%2F%2Fcdn.evbuc.com%2Fimages%2F1183398994%2F182455184132%2F1%2Foriginal.20260430-030418?crop=focalpoint&fit=crop&w=940&auto=format%2Ccompress&q=75&sharp=10&fp-x=0.066&fp-y=0.506&s=5a7c7b079c86fbc6c855735947348b59,2026-06-27T15:00:00-04:00,2026-06-27T22:00:00-04:00,Karma DC Live Music Venue,"2221 Adams Place Northeast, Washington, DC 20018, Washington, DC, US",TwinSpeak Ent.,"240.988.8395 | 240.6030948  - Providing Events, Promotions, Entertainment and Services to the General Public - Follow","Food & Drink, Party",0.0,https://www.eventbrite.com/e/nba-fest-dc-tickets-1985332010487,data_eventbrite\images\1985332010487_NBA_Fest_DC.jpg
1984984913310,Nellie's DC Drag Brunch,EventScheduled,https://img.evbuc.com/https%3A%2F%2Fcdn.evbuc.com%2Fimages%2F1185875496%2F1343219233413%2F1%2Foriginal.20260601-160150?crop=focalpoint&fit=crop&w=940&auto=format%2Ccompress&q=75&sharp=10&fp-x=0.977&fp-y=0.487&s=a6ea7252cb5e7698d284aac2ecd10f8f,2026-06-20T13:00:00-04:00,,Nellie's Sports Bar,"900 U St NW, Washington, DC 20001, Washington, DC, US",Nellie's Sports Bar,"Join Us for Washington DC's #1 Drag Brunch Every Saturday and Sunday at 11am and 1pm!Come get served like a queen, by a queen! Join Sapphire Blue and her team of amazing drag performers from all over the DMV! You will also enjoy a wonderful All-You-Can-Eat Brunch Buffet featuring items such as: Pork Ribs, Cheesy Grits, Scrambled Eggs, Bacon, Mini Empanadas, Pastas, Steamed Vegetables, Salads, Homemade Soup, Fresh Seasonal Fruit, Homemade Desserts and much more. Your first Mimosa or Bloody Mary is FREE!","Food & Drink, Beer, Performance",58.51,https://www.eventbrite.com/e/nellies-dc-drag-brunch-tickets-1984984913310,data_eventbrite\images\1984984913310_Nellies_DC_Drag_Brunch.jpg
1987262593914,Own a Proven Business that Replaces Your Salary w/o Starting from Scratch,EventScheduled,https://img.evbuc.com/https%3A%2F%2Fcdn.evbuc.com%2Fimages%2F974178763%2F312980622916%2F1%2Foriginal.20250303-214626?crop=focalpoint&fit=crop&w=940&auto=format%2Ccompress&q=75&sharp=10&fp-x=0.5&fp-y=0.5&s=93a20c9c75a16ed600d12dee420c1c10,2026-06-25T16:00:00-07:00,2026-06-25T17:00:00-07:00,Online,,Beau Eckstein,"W﻿e conduct a variety of events, both Meetings and Webinars, on Zoom to help budding entrepreneurs and business people to build or buy their next business.","Business, Startups & Small Business, Class",0.0,https://www.eventbrite.com/e/own-a-proven-business-that-replaces-your-salary-wo-starting-from-scratch-tickets-1987262593914,data_eventbrite\images\1987262593914_Own_a_Proven_Business_that_Replaces_Your_Salary_wo_Starting_from_Scratch.jpg
1991104224334,Perreito & Mimosas at Casta's Rum Bar,EventScheduled,https://img.evbuc.com/https%3A%2F%2Fcdn.evbuc.com%2Fimages%2F1186173869%2F2251325962603%2F1%2Foriginal.20260604-171846?crop=focalpoint&fit=crop&w=940&auto=format%2Ccompress&q=75&sharp=10&fp-x=0.5&fp-y=0.5&s=93805d3e81ff3d827d4697bda4f843b1,2026-06-20T12:00:00-04:00,2026-06-20T16:00:00-04:00,Casta's Rum Bar,"1121 New Hampshire Avenue Northwest, Washington, DC 20037, Washington, DC, US",Casta's Rum Bar,"As soon as you walk into Casta's, you get the feeling you've been transported to Cuba. Spanish mosaic tiles break up the walls and floor. Stained glass, a prevalent design element across Cuba, was used to manufacture opalescent orbs glowing above the outdoor bar. With over 100 different types of rum, Casta's is not just a place to drink but also weaves in a substantial menu of authentic dishes & cigars from their Cuban-born partner, Arian Castanada.","Food & Drink, Spirits, Party",0.0,https://www.eventbrite.com/e/perreito-mimosas-at-castas-rum-bar-tickets-1991104224334,data_eventbrite\images\1991104224334_Perreito_Mimosas_at_Castas_Rum_Bar.jpg
1987793288235,PPIA Future Leaders Summit Exposition - Student & Alumni Registration,EventScheduled,https://img.evbuc.com/https%3A%2F%2Fcdn.evbuc.com%2Fimages%2F1182528570%2F2903452037071%2F1%2Foriginal.20260420-000811?crop=focalpoint&fit=crop&w=940&auto=format%2Ccompress&q=75&sharp=10&fp-x=0.489&fp-y=0.15&s=a99aa0481601e57553a6b43add800696,2026-07-10T15:00:00-04:00,2026-07-10T17:30:00-04:00,800 21st St NW,"800 21st Street Northwest, University Student Center - Grand Ballroom, Washington, DC 20052, Washington, DC, US",Ray Orquiola,,"Business, Career, Conference",0.0,https://www.eventbrite.com/e/ppia-future-leaders-summit-exposition-student-alumni-registration-tickets-1987793288235,data_eventbrite\images\1987793288235_PPIA_Future_Leaders_Summit_Exposition_-_Student_Alumni_Registration.jpg
1989307882427,Pretty Girls Love RnB Juneteenth @ 12 Stories,EventScheduled,https://img.evbuc.com/https%3A%2F%2Fcdn.evbuc.com%2Fimages%2F942336823%2F139346910841%2F1%2Foriginal.20250122-210854?crop=focalpoint&fit=crop&w=940&auto=format%2Ccompress&q=75&sharp=10&fp-x=0.388734511662&fp-y=0.305447470817&s=50020ab9700ec6979bd6efd8394836a6,2026-06-20T20:30:00-04:00,2026-06-21T02:00:00-04:00,12 Stories,"75 District Square Southwest, #12th floor, Washington, DC 20024, Washington, DC, US",DSPRA SNDS,,"Music, R&B, Performance",0.0,https://www.eventbrite.com/e/pretty-girls-love-rnb-juneteenth-12-stories-tickets-1989307882427,data_eventbrite\images\1989307882427_Pretty_Girls_Love_RnB_Juneteenth_12_Stories.jpg
775251456977,San Diego Career Fair,EventScheduled,https://img.evbuc.com/https%3A%2F%2Fcdn.evbuc.com%2Fimages%2F656390479%2F316131771624%2F1%2Foriginal.20231210-233237?w=940&auto=format%2Ccompress&q=75&sharp=10&rect=0%2C15%2C1200%2C600&s=46ec4a09a0e0115ef36cb3b24aeb23c8,2026-07-27T09:30:00-07:00,2026-07-27T12:30:00-07:00,Online,,Career Fair Connection,,"Business, Career, Networking",0.0,https://www.eventbrite.com/e/san-diego-career-fair-tickets-775251456977,data_eventbrite\images\775251456977_San_Diego_Career_Fair.jpg
1989396714125,SOCA CUP 2026,EventScheduled,https://img.evbuc.com/https%3A%2F%2Fcdn.evbuc.com%2Fimages%2F1184515772%2F290708751552%2F1%2Foriginal.20260513-162305?crop=focalpoint&fit=crop&w=940&auto=format%2Ccompress&q=75&sharp=10&fp-x=0.5&fp-y=0.5&s=dd9afe9e568e51d7044a04a0309859ac,2026-07-03T18:00:00-04:00,2026-07-05T22:00:00-04:00,District of Columbia,"Downtown, Washington, DC 20001, Washington, DC, US",DC Carnival Experience,,"Music, World, Tour",135.23,https://www.eventbrite.com/e/soca-cup-2026-tickets-1989396714125,data_eventbrite\images\1989396714125_SOCA_CUP_2026.jpg
1988932192729,Solstice Celebration at African Art,EventScheduled,https://img.evbuc.com/https%3A%2F%2Fcdn.evbuc.com%2Fimages%2F1186175034%2F134194631593%2F1%2Foriginal.20260604-173215?crop=focalpoint&fit=crop&w=940&auto=format%2Ccompress&q=75&sharp=10&fp-x=0.5&fp-y=0.5&s=9ad1373533057d3fdb6976fda4f96fa0,2026-06-20T18:30:00-04:00,2026-06-20T23:45:00-04:00,Smithsonian National Museum of African Art,"950 Independence Avenue Southwest, Washington, DC 20560, Washington, DC, US",National Museum of African Art,,"Community, Heritage, Performance",0.0,https://www.eventbrite.com/e/solstice-celebration-at-african-art-tickets-1988932192729,data_eventbrite\images\1988932192729_Solstice_Celebration_at_African_Art.jpg
1988597233858,Sundresses & Mimosas Brunch 10 Year Anniversary,EventScheduled,https://img.evbuc.com/https%3A%2F%2Fcdn.evbuc.com%2Fimages%2F1183482603%2F171520235580%2F1%2Foriginal.20260430-235200?crop=focalpoint&fit=crop&w=940&auto=format%2Ccompress&q=75&sharp=10&fp-x=0.5&fp-y=0.5&s=269cd907f43b76d0739fe790c03b2195,2026-06-20T11:00:00-04:00,2026-06-20T17:00:00-04:00,1865 Steak Seafood & Cigars,"2350 Washington Place Northeast, #ste 102n, Washington, DC 20018, Washington, DC, US",Sundresses and Mimosas,Brunch and Day partyHookah | Food | Drinks | Bottle Service and much morecheck us out for all of our events,"Food & Drink, Food, Party",0.0,https://www.eventbrite.com/e/sundresses-mimosas-brunch-10-year-anniversary-tickets-1988597233858,data_eventbrite\images\1988597233858_Sundresses_Mimosas_Brunch_10_Year_Anniversary.jpg
1987137939068,Sustainable Architecture & Heritage Design with Wakako Tokunaga,EventScheduled,https://img.evbuc.com/https%3A%2F%2Fcdn.evbuc.com%2Fimages%2F1186498140%2F176569521889%2F1%2Foriginal.20260609-142442?crop=focalpoint&fit=crop&w=940&auto=format%2Ccompress&q=75&sharp=10&fp-x=0.5&fp-y=0.5&s=1d85062297aa4d47db16e123a694ebbf,2026-06-30T18:00:00-04:00,2026-06-30T20:00:00-04:00,"Japan Information & Culture Center, Embassy of Japan","1150 18th Street Northwest, Suite 100, Washington, DC 20036, Washington, DC, US","JICC, Embassy of Japan","The Japan Information & Culture Center (JICC) is a part of thePublic Affairs Section of the Embassy of Japan in Washington D.C. The JICC's goal is to promote better understanding of Japan and Japanese culture by providing a wide range of information andeventsto the American public.We are located on the ground floor of 1150 18th St. in downtown Washington, D.C. Visitors to our center will enjoy the modern Japanese ambiance and the many events held in our facilities, which include a 130-seat auditorium.","Arts, Fine Art, Seminar",0.0,https://www.eventbrite.com/e/sustainable-architecture-heritage-design-with-wakako-tokunaga-tickets-1987137939068,data_eventbrite\images\1987137939068_Sustainable_Architecture_Heritage_Design_with_Wakako_Tokunaga.jpg
1989265821622,SVPG Product Masterclass,EventScheduled,https://img.evbuc.com/https%3A%2F%2Fcdn.evbuc.com%2Fimages%2F1172765976%2F868589450123%2F1%2Foriginal.20251211-143556?crop=focalpoint&fit=crop&w=940&auto=format%2Ccompress&q=75&sharp=10&fp-x=0.5&fp-y=0.5&s=72ed939408e7c136b338f8233b5e6eb8,2026-07-07T08:00:00-07:00,2026-07-09T13:00:00-07:00,Online,,Silicon Valley Product Group,"The Silicon Valley Product Group (SVPG)was created to share our senior level experience and knowledge of best practices with our clients. Our partners are all industry veterans, who have each held executive level positions at major Silicon Valley firms where they have been instrumental in the development of leading products. We are not career consultants; we started SVPG to share what we’ve learned.","Business, Other, Class",1995.0,https://www.eventbrite.com/e/svpg-product-masterclass-tickets-1989265821622,data_eventbrite\images\1989265821622_SVPG_Product_Masterclass.jpg
1990676768803,"THE CAPITAL PRIDE 1,000 MEN MEATLOAF ROOFTOP PARTY HOSTED BY HOLLIWUD",EventScheduled,https://img.evbuc.com/https%3A%2F%2Fcdn.evbuc.com%2Fimages%2F1187076190%2F469904962451%2F1%2Foriginal.20260617-001725?crop=focalpoint&fit=crop&w=940&auto=format%2Ccompress&q=75&sharp=10&fp-x=0.5&fp-y=0.5&s=e4f7b3b03801c03e41d9b7ea036def0f,2026-06-20T23:00:00-04:00,2026-06-21T03:00:00-04:00,Ivy City Smokehouse,"1356 Okie Street Northeast, Washington, DC 20002, Washington, DC, US",XAVIER ENTERTAINMENT LLC,,"Community, LGBT, Party",0.0,https://www.eventbrite.com/e/the-capital-pride-1000-men-meatloaf-rooftop-party-hosted-by-holliwud-tickets-1990676768803,data_eventbrite\images\1990676768803_THE_CAPITAL_PRIDE_1000_MEN_MEATLOAF_ROOFTOP_PARTY_HOSTED_BY_HOLLIWUD.jpg
1988352564044,The Inner Loop's June Reading,EventScheduled,https://img.evbuc.com/https%3A%2F%2Fcdn.evbuc.com%2Fimages%2F1183160903%2F117006035809%2F1%2Foriginal.20260427-200509?w=940&auto=format%2Ccompress&q=75&sharp=10&s=cffde735780ae9630ace520dedb3e1a4,2026-06-23T19:00:00-04:00,2026-06-23T22:00:00-04:00,Shaw's Tavern,"520 Florida Avenue Northwest, Washington, DC 20001, Washington, DC, US",The Inner Loop,"The Inner Loop is a literary community open to writers of all levels in and around Washington, DC. We turn the solitary act of writing into a shared experience by offering free programming for writers of poetry, fiction, and non-fiction. Join us for one of our lively monthly reading series events, tune into our podcast, or sign up for one of our writer’s retreats.","Arts, Literary Arts, Performance",0.0,https://www.eventbrite.com/e/the-inner-loops-june-reading-tickets-1988352564044,data_eventbrite\images\1988352564044_The_Inner_Loops_June_Reading.jpg
1426064159289,The White House - The All White Day Party,EventScheduled,https://img.evbuc.com/https%3A%2F%2Fcdn.evbuc.com%2Fimages%2F1058248383%2F182455184132%2F1%2Foriginal.20250622-220246?crop=focalpoint&fit=crop&w=940&auto=format%2Ccompress&q=75&sharp=10&fp-x=0.5&fp-y=0.5&s=fe664cc100c106fb468281cf92761dd8,2026-06-20T16:00:00-04:00,2026-06-20T21:00:00-04:00,Zebbie's Garden,"1223 Connecticut Avenue Northwest, #3rd floor, Washington, DC 20036, Washington, DC, US",TwinSpeak Ent.,"240.988.8395 | 240.6030948  - Providing Events, Promotions, Entertainment and Services to the General Public - Follow","Music, Party",0.0,https://www.eventbrite.com/e/the-white-house-the-all-white-day-party-tickets-1426064159289,data_eventbrite\images\1426064159289_The_White_House_-_The_All_White_Day_Party.jpg
1988981158186,Toni x2: How Bambara and Morrison Reshaped the Literary Landscape,EventScheduled,https://img.evbuc.com/https%3A%2F%2Fcdn.evbuc.com%2Fimages%2F1184633909%2F2992920297423%2F1%2Foriginal.20260514-204431?crop=focalpoint&fit=crop&w=940&auto=format%2Ccompress&q=75&sharp=10&fp-x=0.5&fp-y=0.5&s=2abd01df69142f3886a841ff6136bb16,2026-06-20T15:00:00-04:00,2026-06-20T18:00:00-04:00,Metropolitan African Methodist Episcopal Church,"1518 M Street Northwest, Washington, DC 20005, Washington, DC, US",March On!™,"The March On Festival is an annual Civil Rights Legacy Project that has traditionally taken place in various locations across Washington, D.C. It offers film screenings, an emerging and student filmmaker competition, various award ceremonies, performances of the arts, exhibits and panel discussions featuring filmmakers, academics, and activists.","Community, Language, Seminar",0.0,https://www.eventbrite.com/e/toni-x2-how-bambara-and-morrison-reshaped-the-literary-landscape-tickets-1988981158186,data_eventbrite\images\1988981158186_Toni_x2_How_Bambara_and_Morrison_Reshaped_the_Literary_Landscape.jpg
1990212482109,TOUCH GRASS: A Free Sapphic Pride Picnic,EventScheduled,https://img.evbuc.com/https%3A%2F%2Fcdn.evbuc.com%2Fimages%2F1185260816%2F2727828830341%2F1%2Foriginal.20260523-022151?crop=focalpoint&fit=crop&w=940&auto=format%2Ccompress&q=75&sharp=10&fp-x=0.5&fp-y=0.5&s=0ac93d82507334cae570f26bc11b9152,2026-06-21T09:30:00-04:00,2026-06-21T13:00:00-04:00,Picnic Grove #13,"Western Ridge Trail, Washington, DC 20015, Washington, DC, US",Mixtape Sapphics,,"Community, LGBT, Party",0.0,https://www.eventbrite.com/e/touch-grass-a-free-sapphic-pride-picnic-tickets-1990212482109,data_eventbrite\images\1990212482109_TOUCH_GRASS_A_Free_Sapphic_Pride_Picnic.jpg
1988422104040,Understanding Your Digestive Health: Gallbladder and Upper GI,EventScheduled,https://img.evbuc.com/https%3A%2F%2Fcdn.evbuc.com%2Fimages%2F1183709420%2F199199433110%2F1%2Foriginal.20260504-145301?crop=focalpoint&fit=crop&w=940&auto=format%2Ccompress&q=75&sharp=10&fp-x=0.5&fp-y=0.5&s=9baad3af6608c972b55ff75232ef0bbb,2026-06-25T12:00:00-04:00,2026-06-25T13:00:00-04:00,Online,,Prisma Health,,"Health, Medical, Class",0.0,https://www.eventbrite.com/e/understanding-your-digestive-health-gallbladder-and-upper-gi-tickets-1988422104040,data_eventbrite\images\1988422104040_Understanding_Your_Digestive_Health_Gallbladder_and_Upper_GI.jpg
1984412114052,WaterNow Emerging Leader Network Convening,EventScheduled,https://img.evbuc.com/https%3A%2F%2Fcdn.evbuc.com%2Fimages%2F1179693695%2F159049452922%2F1%2Foriginal.20260312-151948?crop=focalpoint&fit=crop&w=940&auto=format%2Ccompress&q=75&sharp=10&fp-x=0.818&fp-y=0.621&s=4baf66b54d67b27867fdd47de6a5af9c,2026-06-23T12:00:00-04:00,2026-06-23T14:30:00-04:00,"Marriott Marquis Washington, DC","901 Massachusetts Avenue Northwest, Washington, DC 20001, Washington, DC, US",WaterNow,,"Business, Environment & Sustainability, Conference",0.0,https://www.eventbrite.com/e/waternow-emerging-leader-network-convening-tickets-1984412114052,data_eventbrite\images\1984412114052_WaterNow_Emerging_Leader_Network_Convening.jpg
1991301387053,YAMZ: Chocolate City | Juneteenth Appreciation Party | Hip Hop & R&B Night,EventScheduled,https://img.evbuc.com/https%3A%2F%2Fcdn.evbuc.com%2Fimages%2F1186333098%2F142594611716%2F1%2Foriginal.20260607-082909?crop=focalpoint&fit=crop&w=940&auto=format%2Ccompress&q=75&sharp=10&fp-x=0.017&fp-y=0.105&s=ea72a79e65717e9cc75109533ed36aa0,2026-06-18T21:00:00-04:00,2026-06-19T02:00:00-04:00,Air Restaurant,"2473 18th Street Northwest, #Fl 2, Washington, DC 20009, Washington, DC, US",ARE N BEE LLC,"ARE N BEE is Miami’s #1 All R&B Party, hosting curated R&B nights in Miami and select cities nationwide.","Music, Hip Hop / Rap, Party",0.0,https://www.eventbrite.com/e/yamz-chocolate-city-juneteenth-appreciation-party-hip-hop-rb-night-tickets-1991301387053,data_eventbrite\images\1991301387053_YAMZ_Chocolate_City_Juneteenth_Appreciation_Party_Hip_Hop_RB_Night.jpg
1990798110740,Fête de la Musique - World Music Day - Son de l'Amour 2026,EventScheduled,https://img.evbuc.com/https%3A%2F%2Fcdn.evbuc.com%2Fimages%2F1029690693%2F5695742043%2F1%2Foriginal.20250513-141005?crop=focalpoint&fit=crop&w=940&auto=format%2Ccompress&q=75&sharp=10&fp-x=0.704545454545&fp-y=0.474647887324&s=6c6e74a9e085a0f9837e610d7eaff3b9,2026-06-20T17:00:00-04:00,2026-06-20T22:00:00-04:00,La Maison Française,"Embassy of France, 4101 Reservoir Rd., NW, Washington, DC 20007, Washington, DC, US",Villa Albertine Washington DC,,"Music, World, Performance",0.0,https://www.eventbrite.fr/e/fete-de-la-musique-world-music-day-son-de-lamour-2026-registration-1990798110740,data_eventbrite\images\1990798110740_Fête_de_la_Musique_-_World_Music_Day_-_Son_de_lAmour_2026.jpg
1968333740203,Ravensburger Puzzle Race Mini Tournament - Snakes & Lattes Chicago,EventScheduled,https://img.evbuc.com/https%3A%2F%2Fcdn.evbuc.com%2Fimages%2F1173452524%2F905769551673%2F1%2Foriginal.20251223-144203?crop=focalpoint&fit=crop&w=940&auto=format%2Ccompress&q=75&sharp=10&fp-x=0.5&fp-y=0.5&s=14eaf046c87d894d4bee6970d596196b,2026-06-28T12:00:00-05:00,2026-06-28T14:00:00-05:00,Snakes & Lattes Chicago,"1965 North Milwaukee Avenue, Chicago, IL 60647, Chicago, IL, US",Snakes & Lattes,"At Snakes & Lattes, we create unforgettable events that combine the thrill of gaming with great food, drinks, and lively entertainment. From themed trivia nights and to game designer nights, puzzle competitions, drag bingo brunches, sip & paint sessions, and seasonal celebrations, there's always something exciting happening. Our events are designed to bring people together for fun and memorable experiences in a welcoming atmosphere. Whether you're a regular gamer or just looking for a unique night out, we've got something for everyone!","Hobbies, Gaming, Game",14.01,https://www.eventbrite.ca/e/ravensburger-puzzle-race-mini-tournament-snakes-lattes-chicago-tickets-1968333740203,data_eventbrite\images\1968333740203_Ravensburger_Puzzle_Race_Mini_Tournament_-_Snakes_Lattes_Chicago.jpg
1987708775455,2025-2026 Wells Fargo Small Business Fellowship Summit,EventScheduled,https://img.evbuc.com/https%3A%2F%2Fcdn.evbuc.com%2Fimages%2F1184699841%2F192838900884%2F1%2Foriginal.20260515-165014?crop=focalpoint&fit=crop&w=940&auto=format%2Ccompress&q=75&sharp=10&fp-x=0.5&fp-y=0.5&s=3139947bbb862562327b84956b066f1f,2026-06-22T16:00:00-05:00,2026-06-22T19:00:00-05:00,David Rubenstein Forum at the University of Chicago,"1201 East 60th Street, Chicago, IL 60637, Chicago, IL, US",Watson Institute,"Watson Institute is a place where next generation entrepreneurial leaders can find their community, discover their calling, and accelerate their careers. We provide the tools, network, mindset, and courage for the next generation to solve the toughest challenges facing the world, launch successful careers, and lead impactful lives.Watson Institute has locations in Boulder, Colorado, at Lynn University in Boca Raton, Florida, and at Universidad Francisco Marroquín (UFM) in Guatemala City, Guatemala.","Business, Startups & Small Business, Networking",0.0,https://www.eventbrite.com/e/2025-2026-wells-fargo-small-business-fellowship-summit-tickets-1987708775455,data_eventbrite\images\1987708775455_2025-2026_Wells_Fargo_Small_Business_Fellowship_Summit.jpg
1578749896439,2026 PeopleGrove Annual Summit,EventScheduled,https://img.evbuc.com/https%3A%2F%2Fcdn.evbuc.com%2Fimages%2F1175004969%2F2698143658601%2F1%2Foriginal.20260115-222500?crop=focalpoint&fit=crop&w=940&auto=format%2Ccompress&q=75&sharp=10&fp-x=0.458&fp-y=0.916&s=89dc2161d1f2467a595658739b46fee2,2026-08-03T15:00:00-05:00,2026-08-05T12:00:00-05:00,Chicago Marriott Downtown Magnificent Mile,"541 North Rush Street, Chicago, IL 60611, Chicago, IL, US",PeopleGrove,,"Business, Educators, Conference",99.0,https://www.eventbrite.com/e/2026-peoplegrove-annual-summit-registration-1578749896439,data_eventbrite\images\1578749896439_2026_PeopleGrove_Annual_Summit.jpg
1980638317525,5th Annual Union Construction Trades Fair,EventScheduled,https://img.evbuc.com/https%3A%2F%2Fcdn.evbuc.com%2Fimages%2F1174961385%2F1011172151043%2F1%2Foriginal.20260115-155724?crop=focalpoint&fit=crop&w=940&auto=format%2Ccompress&q=75&sharp=10&fp-x=0.5&fp-y=0.5&s=a35adbcbda4ab3333523ba9b05a839c0,2026-07-17T10:00:00-05:00,2026-07-17T14:00:00-05:00,IBEW Local 134,"2722 South Doctor Martin Luther King Junior Drive, Chicago, IL 60616, Chicago, IL, US",Construction Industry Service Corporation,,"Business, Other, Expo",0.0,https://www.eventbrite.com/e/5th-annual-union-construction-trades-fair-tickets-1980638317525,data_eventbrite\images\1980638317525_5th_Annual_Union_Construction_Trades_Fair.jpg
1988934931922,85% SOLD OUT Baila Habibi حبيبي Summer Rooftop Party,EventScheduled,https://img.evbuc.com/https%3A%2F%2Fcdn.evbuc.com%2Fimages%2F1184035435%2F527048621489%2F1%2Foriginal.20260507-163551?crop=focalpoint&fit=crop&w=940&auto=format%2Ccompress&q=75&sharp=10&fp-x=0.5&fp-y=0.5&s=cbd63a8c59b3214b7720a005fca239a1,2026-06-20T19:00:00-05:00,2026-06-21T00:00:00-05:00,Azul,"1177 North Elston Avenue, Chicago, IL 60642, Chicago, IL, US",CNE Presents,,"Food & Drink, Spirits, Party",24.29,https://www.eventbrite.com/e/85-sold-out-baila-habibi-summer-rooftop-party-tickets-1988934931922,data_eventbrite\images\1988934931922_85_SOLD_OUT_Baila_Habibi_حبيبي_Summer_Rooftop_Party.jpg
1983370677086,Afro Fusion Penthouse Day Party  | Juneteenth Edition,EventScheduled,https://img.evbuc.com/https%3A%2F%2Fcdn.evbuc.com%2Fimages%2F1185973540%2F53915158632%2F1%2Foriginal.20260602-155412?crop=focalpoint&fit=crop&w=940&auto=format%2Ccompress&q=75&sharp=10&fp-x=0.5&fp-y=0.5&s=e3beeb27277c7e070b08b82e5864ba78,2026-06-20T16:00:00-05:00,,BASSLINE  (Penthouse Level),"2239 South Michigan Avenue, Chicago, IL 60616, Chicago, IL, US",AFRO FUSION,,"Music, World, Party",0.0,https://www.eventbrite.com/e/afro-fusion-penthouse-day-party-juneteenth-edition-tickets-1983370677086,data_eventbrite\images\1983370677086_Afro_Fusion_Penthouse_Day_Party_Juneteenth_Edition.jpg
1987650010688,Afrobeats Vs Amapiano (Thursday Juneteenth wkend kickoff),EventScheduled,https://img.evbuc.com/https%3A%2F%2Fcdn.evbuc.com%2Fimages%2F1182363364%2F612420573003%2F1%2Foriginal.20260416-213454?crop=focalpoint&fit=crop&w=940&auto=format%2Ccompress&q=75&sharp=10&fp-x=0.535&fp-y=0.124&s=d07141ff0c623dad3bd7e82f94a9e293,2026-06-18T22:00:00-05:00,2026-06-19T03:00:00-05:00,Galeria Chicago,"9 West Division Street, Chicago, IL 60610, Chicago, IL, US",Big Stage Global,,"Music, DJ/Dance, Party",0.0,https://www.eventbrite.com/e/afrobeats-vs-amapiano-thursday-juneteenth-wkend-kickoff-tickets-1987650010688,data_eventbrite\images\1987650010688_Afrobeats_Vs_Amapiano_Thursday_Juneteenth_wkend_kickoff.jpg
1986717207649,Beyblade Midwest 2026 - Hurricane Bey,EventScheduled,https://img.evbuc.com/https%3A%2F%2Fcdn.evbuc.com%2Fimages%2F1182041589%2F2716087250621%2F1%2Foriginal.20260413-151410?crop=focalpoint&fit=crop&w=940&auto=format%2Ccompress&q=75&sharp=10&fp-x=0.687&fp-y=0.411&s=09284700fcdccc67e7a69a478e6f2582,2026-07-11T09:00:00-05:00,2026-07-12T21:00:00-05:00,Marriott Chicago O’Hare,"8535 West Higgins Road, Chicago, IL 60631, Chicago, IL, US",gregandcin,,"Hobbies, Gaming, Tournament",0.0,https://www.eventbrite.com/e/beyblade-midwest-2026-hurricane-bey-tickets-1986717207649,data_eventbrite\images\1986717207649_Beyblade_Midwest_2026_-_Hurricane_Bey.jpg
1985448745645,BLACK YACHT WEEKEND: THE FINALE PARTY — SOMETHING FOR THE SUMMER,EventScheduled,https://img.evbuc.com/https%3A%2F%2Fcdn.evbuc.com%2Fimages%2F1186082700%2F40566223638%2F1%2Foriginal.20260603-174811?crop=focalpoint&fit=crop&w=940&auto=format%2Ccompress&q=75&sharp=10&fp-x=0.473&fp-y=0.093&s=1a77132aa898d69525d2d990ef30f3db,2026-06-21T16:00:00-05:00,2026-06-21T22:00:00-05:00,Sound Bar,"226 West Ontario Street, Chicago, IL 60654, Chicago, IL, US",Black Yacht Weekend,,"Music, R&B, Party",52.07,https://www.eventbrite.com/e/black-yacht-weekend-the-finale-party-something-for-the-summer-tickets-1985448745645,data_eventbrite\images\1985448745645_BLACK_YACHT_WEEKEND_THE_FINALE_PARTY_SOMETHING_FOR_THE_SUMMER.jpg
1990804957218,"Blk Yacht Saturday Day Vibes: Afrobeats, Amapiano, Dancehall, R&B",EventScheduled,https://img.evbuc.com/https%3A%2F%2Fcdn.evbuc.com%2Fimages%2F1187011518%2F204942067115%2F1%2Foriginal.20260616-093401?crop=focalpoint&fit=crop&w=940&auto=format%2Ccompress&q=75&sharp=10&fp-x=0.515&fp-y=0.65&s=954b6ac3759721368d29955dab6cbdc7,2026-06-20T15:00:00-05:00,2026-06-20T21:00:00-05:00,Masada (Outdoor Terrace & Rooftop),"2206 North California Avenue, Chicago, IL 60647, Chicago, IL, US",ChicAfrik & F.A Events,,"Music, DJ/Dance, Party",0.0,https://www.eventbrite.com/e/blk-yacht-saturday-day-vibes-afrobeats-amapiano-dancehall-rb-tickets-1990804957218,data_eventbrite\images\1990804957218_Blk_Yacht_Saturday_Day_Vibes_Afrobeats_Amapiano_Dancehall_RB.jpg
1986684943145,Book Talk: The Summer Girlfriend with Kristina Forest,EventScheduled,https://img.evbuc.com/https%3A%2F%2Fcdn.evbuc.com%2Fimages%2F1181408247%2F2133417198623%2F1%2Foriginal.20260403-235012?crop=focalpoint&fit=crop&w=940&auto=format%2Ccompress&q=75&sharp=10&fp-x=0.5&fp-y=0.5&s=3733429e4cf3a5a24e2f37cb33f6aa71,2026-06-20T17:00:00-05:00,2026-06-20T18:30:00-05:00,Call & Response Books,"1390 East Hyde Park Boulevard, Chicago, IL 60615, Chicago, IL, US",Call & Response Books,,"Arts, Literary Arts, Appearance",0.0,https://www.eventbrite.com/e/book-talk-the-summer-girlfriend-with-kristina-forest-tickets-1986684943145,data_eventbrite\images\1986684943145_Book_Talk_The_Summer_Girlfriend_with_Kristina_Forest.jpg
1127353798559,Bowling For Potato Soup,EventScheduled,https://img.evbuc.com/https%3A%2F%2Fcdn.evbuc.com%2Fimages%2F1170598236%2F761491828073%2F1%2Foriginal.20251110-160627?crop=focalpoint&fit=crop&w=940&auto=format%2Ccompress&q=75&sharp=10&fp-x=0.5&fp-y=0.5&s=66c82f4d0e1a56b984e7f5be09120032,2026-06-24T19:30:00-05:00,2026-06-24T22:30:00-05:00,Avondale Bowl,"3118 N Milwaukee Avenue, Chicago, IL 60618, Chicago, IL, US",Hot Potato Hearts,"Hot Potato Hearts is a platform created to help people build meaningful connections in a low-pressure, casual safe space. Our goal is to create a welcoming, fun, inclusive, and relaxed environment for cultivating relationships—whether romantic or platonic. At Hot Potato Hearts, we welcome everyone: all genders, all sexualities, all relationship statuses. We don’t pair people based on gender identity or orientation, giving you plenty of opportunities to spark a crush, find a new brunch buddy, or simply enjoy a night of laughter with people you wouldn’t otherwise meet.","Community, LGBT, Game",12.51,https://www.eventbrite.com/e/bowling-for-potato-soup-tickets-1127353798559,data_eventbrite\images\1127353798559_Bowling_For_Potato_Soup.jpg
1962588261321,Brews and Bad Movies: Shark Week!,EventScheduled,https://img.evbuc.com/https%3A%2F%2Fcdn.evbuc.com%2Fimages%2F1181405136%2F228046725465%2F1%2Foriginal.20260403-224217?crop=focalpoint&fit=crop&w=940&auto=format%2Ccompress&q=75&sharp=10&fp-x=0.848&fp-y=0.304&s=9ca13dc4430b3618f72780aec52030b4,2026-07-02T19:30:00-05:00,2026-07-02T21:30:00-05:00,The Lincoln Lodge,"2040 North Milwaukee Avenue, Chicago, IL 60647, Chicago, IL, US",The Lincoln Lodge,"Known primarily for the nation’s longest running independent comedy show (The Lincoln Lodge) we also produce special events, help others organizations to raise money with comedy events and offer classes (Feminine Comique and Stand-Up Seminary) to encourage more community participation in stand-up comedy.  We have been very successful at nurturing local talent and can point to a long line of alumni like Hannibal Burress, Kyle Kinane, T.J. Miller, Pete Holmes and Cameron Esposito who all got their start at The Lodge. Our reputation for professionalism, talent and integrity means organizations such as Just for Laughs and Comedy Central have invited us to collaborate with them.","Film & Media, Comedy, Performance",14.89,https://www.eventbrite.com/e/brews-and-bad-movies-shark-week-tickets-1962588261321,data_eventbrite\images\1962588261321_Brews_and_Bad_Movies_Shark_Week.jpg
1975881211894,Brickworld Chicago 2026,EventScheduled,https://img.evbuc.com/https%3A%2F%2Fcdn.evbuc.com%2Fimages%2F1171843650%2F327576708277%2F1%2Foriginal.20251126-230959?crop=focalpoint&fit=crop&w=940&auto=format%2Ccompress&q=75&sharp=10&fp-x=0.5&fp-y=0.5&s=e65fb856f04b31226df10af50120c3c2,,,Renaissance Schaumburg Convention Center Hotel,"Thoreau Drive North, Schaumburg, IL 60173, Schaumburg, IL, US",Brickworld,"Brickworld LLC is a private company that is not associated with the LEGO Group of companies. Brickworld operates expositions and conventions dedicated to LEGO enthusiasts with creations from brick artists to engineers. For more information on Brickworld events, call317-572-LEGO (5346) or visitBrickworld.com.","Hobbies, Other, Convention",18.54,https://www.eventbrite.com/e/brickworld-chicago-2026-tickets-1975881211894,data_eventbrite\images\1975881211894_Brickworld_Chicago_2026.jpg
1990661557305,Chicago Chess Open Play at Shore Club Chicago ♟️,EventScheduled,https://img.evbuc.com/https%3A%2F%2Fcdn.evbuc.com%2Fimages%2F1185725916%2F217753805875%2F1%2Foriginal.20260529-191056?crop=focalpoint&fit=crop&w=940&auto=format%2Ccompress&q=75&sharp=10&fp-x=0.11&fp-y=0.528&s=bed9396a134e8e16e7ba9616b69abe4f,2026-06-17T19:00:00-05:00,2026-06-17T21:00:00-05:00,Shore Club,"1603 North Lake Shore Drive, Chicago, IL 60610, Chicago, IL, US",Shore Club Chicago,"Shore Club Chicago offers an unparalleled hospitality experience on Chicago's famous North Avenue Beach. Inspired by beautiful beaches around the world, the elevated food menu, great service, and unobstructed views of Lake Michigan make it Chicago's go-to destination in the summertime.For Restaurant & Oasis Reservations, Visit www.shoreclubchi.com","Hobbies, Other, Game",42.87,https://www.eventbrite.com/e/chicago-chess-open-play-at-shore-club-chicago-tickets-1990661557305,data_eventbrite\images\1990661557305_Chicago_Chess_Open_Play_at_Shore_Club_Chicago.jpg
1986179671865,Chicago Climate Connect,EventScheduled,https://img.evbuc.com/https%3A%2F%2Fcdn.evbuc.com%2Fimages%2F513948899%2F42166024398%2F1%2Foriginal.20230512-231209?w=940&auto=format%2Ccompress&q=75&sharp=10&rect=7%2C0%2C1350%2C675&s=5229e262a514b106c3a991e027150f08,2026-06-18T18:00:00-05:00,2026-06-18T20:00:00-05:00,TeamWorking by TechNexus,"20 North Wacker Drive, #12th Floor, Chicago, IL 60606, Chicago, IL, US",Chicago Climate Connect,T﻿his is an open and free organization for people working in climate or looking to work in climate. Each month we intend to invite speakers and a place for climate professionals to gather and learn from one another.,"Business, Environment & Sustainability, Networking",0.0,https://www.eventbrite.com/e/chicago-climate-connect-tickets-1986179671865,data_eventbrite\images\1986179671865_Chicago_Climate_Connect.jpg
1990053552747,Chicago Social Hour: Speed Dating For Ages 25-35,EventScheduled,https://img.evbuc.com/https%3A%2F%2Fcdn.evbuc.com%2Fimages%2F1185315678%2F1703883856053%2F1%2Foriginal.20260524-155617?crop=focalpoint&fit=crop&w=940&auto=format%2Ccompress&q=75&sharp=10&fp-x=0.5&fp-y=0.5&s=725693ca648c640bb124651e038558d7,2026-06-29T18:30:00-05:00,2026-06-29T21:30:00-05:00,Barcocina Lakeview,"2901 North Sheffield Avenue, Chicago, IL 60657, Chicago, IL, US",The City Social,,"Food & Drink, Beer, Party",17.85,https://www.eventbrite.com/e/chicago-social-hour-speed-dating-for-ages-25-35-tickets-1990053552747,data_eventbrite\images\1990053552747_Chicago_Social_Hour_Speed_Dating_For_Ages_25-35.jpg
1990585873934,Chicago Tech Mixer 2026,EventScheduled,https://img.evbuc.com/https%3A%2F%2Fcdn.evbuc.com%2Fimages%2F548767979%2F1317099778183%2F1%2Foriginal.20230705-131453?w=940&auto=format%2Ccompress&q=75&sharp=10&rect=0%2C0%2C2160%2C1080&s=11bae9ad899a6cb92aa8e184ec82e558,2026-06-25T18:00:00-05:00,2026-06-25T21:00:00-05:00,Arlo Chicago (Formerly Hotel Julian),"168 North Michigan Avenue, Chicago, IL 60601, Chicago, IL, US",tech Chicago,,"Business, Startups & Small Business, Networking",0.0,https://www.eventbrite.com/e/chicago-tech-mixer-2026-tickets-1990585873934,data_eventbrite\images\1990585873934_Chicago_Tech_Mixer_2026.jpg
1990747050016,Chicago's Cosplaying Hotties Present Coshottie Beach Day,EventScheduled,https://img.evbuc.com/https%3A%2F%2Fcdn.evbuc.com%2Fimages%2F1185829201%2F2673827941771%2F1%2Foriginal.20260601-013356?crop=focalpoint&fit=crop&w=940&auto=format%2Ccompress&q=75&sharp=10&fp-x=0.5&fp-y=0.5&s=d483c34ed6cfca1844d725b607477ace,2026-06-20T13:30:00-05:00,2026-06-20T15:30:00-05:00,Margaret T. Burroughs Beach And Park,"3100 South DuSable Lake Shore Drive, Chicago, IL 60616, Chicago, IL, US",Chicago's Cosplaying Hotties,,"Hobbies, Anime/Comics, Party",0.0,https://www.eventbrite.com/e/chicagos-cosplaying-hotties-present-coshottie-beach-day-registration-1990747050016,data_eventbrite\images\1990747050016_Chicagos_Cosplaying_Hotties_Present_Coshottie_Beach_Day.jpg
1991408102241,Chicago's Largest Playdate - Humboldt Park,EventScheduled,https://img.evbuc.com/https%3A%2F%2Fcdn.evbuc.com%2Fimages%2F1186795677%2F276436334117%2F1%2Foriginal.20260612-222000?crop=focalpoint&fit=crop&w=940&auto=format%2Ccompress&q=75&sharp=10&fp-x=0.089&fp-y=0.407&s=d69a51c10cc2dc983994a46f65f55a6e,2026-06-27T10:00:00-05:00,2026-06-27T13:00:00-05:00,Humboldt Park Boathouse,"1301 North Humboldt Drive, Chicago, IL 60622, Chicago, IL, US",Vera Creative,,"Family & Education, Children & Youth , Party",0.0,https://www.eventbrite.com/e/chicagos-largest-playdate-humboldt-park-tickets-1991408102241,data_eventbrite\images\1991408102241_Chicagos_Largest_Playdate_-_Humboldt_Park.jpg
1982592501542,Collage with Susan,EventScheduled,https://img.evbuc.com/https%3A%2F%2Fcdn.evbuc.com%2Fimages%2F1176963843%2F179032456587%2F1%2Foriginal.20260207-204809?crop=focalpoint&fit=crop&w=940&auto=format%2Ccompress&q=75&sharp=10&fp-x=0.928&fp-y=0.44&s=9b0be3687e8f983b802dcc2f8f255add,2026-06-28T12:30:00-05:00,2026-06-28T15:30:00-05:00,The WasteShed,"1754 North Kimball Avenue, Chicago, IL 60647, Chicago, IL, US",The WasteShed Chicago,"The WasteShed is a nonprofit thrift store for art, craft, and school materials and a neighborhood center for sustainable fun. We accept donations of reusable creative and educational supplies and make them available to teachers, artists, and the general public for cheap. Since 2014, The WasteShed has diverted over 92 tons of materials (with an estimated value of $1.6 million) away from the landfill and back into our community, and provided deeply discounted or free supplies to hundreds of schools, nonprofits and cultural organizations across the greater Chicago area. We also provide waste-prevention and reuse-based art programming for all ages.Our Humboldt Park location is at 2842 W Chicago Avenue in Chicago.","Arts, Craft, Class",25.31,https://www.eventbrite.com/e/collage-with-susan-tickets-1982592501542,data_eventbrite\images\1982592501542_Collage_with_Susan.jpg
1991258295164,Daydream - Juneteenth’s Brunch Day Party,EventScheduled,https://img.evbuc.com/https%3A%2F%2Fcdn.evbuc.com%2Fimages%2F1186291507%2F1196672205103%2F1%2Foriginal.20260606-051436?crop=focalpoint&fit=crop&w=940&auto=format%2Ccompress&q=75&sharp=10&fp-x=0.101&fp-y=0.529&s=e3bdae395ba46ef10a15a1f829e44b43,2026-06-20T16:00:00-05:00,2026-06-20T21:00:00-05:00,Toast It IZ,"22 East Hubbard Street, Chicago, IL 60611, Chicago, IL, US",The Nite Shift Cruu,"Come kick it with The Nite Shift Cru — where worries don’t exist and vibes are mandatory. Young professionals looking to have a good time. Whether you’re poppin’ bottles, vibin’ at the bar, or on the dance floor, every event is pure energy. Bring your crew, grab a drink, and let’s make the night legendary.","Food & Drink, Food, Party",0.0,https://www.eventbrite.com/e/daydream-juneteenths-brunch-day-party-tickets-1991258295164,data_eventbrite\images\1991258295164_Daydream_-_Juneteenths_Brunch_Day_Party.jpg
1987346079622,EMANCIPATION BALL 2026,EventScheduled,https://img.evbuc.com/https%3A%2F%2Fcdn.evbuc.com%2Fimages%2F1182128380%2F723390814953%2F1%2Foriginal.20260414-131014?crop=focalpoint&fit=crop&w=940&auto=format%2Ccompress&q=75&sharp=10&fp-x=0.5&fp-y=0.5&s=76aca2980d7104ffbc908beb880287d7,2026-06-18T19:00:00-05:00,2026-06-18T23:59:00-05:00,CineCity Studios Chicago,"2429 West 14th Street, Chicago, IL 60608, Chicago, IL, US",Moor's Brewing Co.,,"Community, Historic, Gala",161.9,https://www.eventbrite.com/e/emancipation-ball-2026-tickets-1987346079622,data_eventbrite\images\1987346079622_EMANCIPATION_BALL_2026.jpg
1988854483298,"Film Screening: David Cronenberg’s ""Dead Ringers""",EventScheduled,https://img.evbuc.com/https%3A%2F%2Fcdn.evbuc.com%2Fimages%2F1183838900%2F2460974776921%2F1%2Foriginal.20260505-175442?crop=focalpoint&fit=crop&w=940&auto=format%2Ccompress&q=75&sharp=10&fp-x=0.492&fp-y=0.201&s=77079f53e4f9ccaeaa363a9ca9c4f877,2026-06-25T19:00:00-05:00,2026-06-25T21:00:00-05:00,International Museum of Surgical Science,"1524 North Lake Shore Drive, Chicago, IL 60610, Chicago, IL, US",International Museum of Surgical Science,"The International Museum of Surgical Science, a division of the International College of Surgeons (ICS), maintains over 10,000 square feet of public galleries committed to the history of surgery, and an exquisite permanent collection of art and artifacts from the history of Medicine. The Museum supports its Mission through medically thematized exhibitions and programs, in addition to a strong contemporary art exhibition program.is to enrich people’s lives by enhancing their appreciation and understanding of the history, development, and advances in surgery and related subjects in health and medicine.","Arts, Fine Art, Screening",15.0,https://www.eventbrite.com/e/film-screening-david-cronenbergs-dead-ringers-tickets-1988854483298,data_eventbrite\images\1988854483298_Film_Screening_David_Cronenbergs_Dead_Ringers.jpg
1986010200973,Friday Tour: Composing Color,EventScheduled,https://img.evbuc.com/https%3A%2F%2Fcdn.evbuc.com%2Fimages%2F1180770526%2F2471844959261%2F1%2Foriginal.20260326-170321?crop=focalpoint&fit=crop&w=940&auto=format%2Ccompress&q=75&sharp=10&fp-x=0.511&fp-y=0.695&s=380a4a5d99055bb36b5ff764f118e810,2026-06-26T13:00:00-05:00,2026-06-26T14:00:00-05:00,Smart Museum of Art,"5550 S. Greenwood Avenue, Chicago, IL 60637, Chicago, IL, US",Smart Museum of Art,"The Smart Museum of Art at the University of Chicago is a site for rigorous inquiry and exchange that encourages the examination of complex issues through the lens of art objects and artistic practice. Through strong community and scholarly partnerships, the Museum incorporates diverse ideas, identities, and experiences into its exhibitions and collections, academic initiatives, and public programming. The Smart first opened in 1974. Admission is always free.","Arts, Fine Art, Tour",0.0,https://www.eventbrite.com/e/friday-tour-composing-color-tickets-1986010200973,data_eventbrite\images\1986010200973_Friday_Tour_Composing_Color.jpg
1989781007557,GirlCon 2026,EventScheduled,https://img.evbuc.com/https%3A%2F%2Fcdn.evbuc.com%2Fimages%2F1184789309%2F553015004663%2F1%2Foriginal.20260517-160404?crop=focalpoint&fit=crop&w=940&auto=format%2Ccompress&q=75&sharp=10&fp-x=0.07&fp-y=0.471&s=ca0fba4d8272442bc0db3b0b216b77a2,2026-06-27T09:30:00-05:00,2026-06-27T17:00:00-05:00,30 S Wacker Dr,"30 South Wacker Drive, Chicago, IL 60606, Chicago, IL, US",GirlCon Team (youth-led organization),,"Business, Other, Convention",0.0,https://www.eventbrite.com/e/girlcon-2026-tickets-1989781007557,data_eventbrite\images\1989781007557_GirlCon_2026.jpg
1986094941434,Hoodie Analytics Presents: Sessions 360 - 2026,EventScheduled,https://img.evbuc.com/https%3A%2F%2Fcdn.evbuc.com%2Fimages%2F1180865346%2F2996684565130%2F1%2Foriginal.20260327-192827?crop=focalpoint&fit=crop&w=940&auto=format%2Ccompress&q=75&sharp=10&fp-x=0.5&fp-y=0.5&s=ce3dbe0fa3664c7d0dfb2e4068f271d2,2026-06-17T09:00:00-05:00,2026-06-17T18:00:00-05:00,Civic Opera House,"20 North Wacker Drive, #STE 400, Chicago, IL 60606, Chicago, IL, US",Hoodie Analytics,,"Business, Finance, Conference",320.89,https://www.eventbrite.com/e/hoodie-analytics-presents-sessions-360-2026-tickets-1986094941434,data_eventbrite\images\1986094941434_Hoodie_Analytics_Presents_Sessions_360_-_2026.jpg
1527285013589,Hyde Park Juneteenth Block Party,EventScheduled,https://img.evbuc.com/https%3A%2F%2Fcdn.evbuc.com%2Fimages%2F1186827086%2F34125575499%2F1%2Foriginal.20260613-162301?crop=focalpoint&fit=crop&w=940&auto=format%2Ccompress&q=75&sharp=10&fp-x=0.505&fp-y=0.101&s=0d683aebd5f182cbe654775cda6d0b3b,2025-07-25T16:00:00-05:00,2026-09-11T22:00:00-05:00,Ja' Grill Hyde Park,"1510 East Harper Court, Chicago, IL 60615, Chicago, IL, US",enFULLAffect Marketing,,"Music, Jazz, Party",0.0,https://www.eventbrite.com/e/hyde-park-juneteenth-block-party-tickets-1527285013589,data_eventbrite\images\1527285013589_Hyde_Park_Juneteenth_Block_Party.jpg
1990990458056,International Soccer Watch Party,EventScheduled,https://img.evbuc.com/https%3A%2F%2Fcdn.evbuc.com%2Fimages%2F1185987037%2F183384146667%2F1%2Foriginal.20260602-180857?crop=focalpoint&fit=crop&w=940&auto=format%2Ccompress&q=75&sharp=10&fp-x=0.5&fp-y=0.5&s=8fb3e9b0de8aa5f8af5d0994531b83cb,2026-06-18T10:00:00-05:00,2026-06-18T23:00:00-05:00,Fulton Market Social,"171 N Peoria St, Main Gate, Chicago, IL 60607, Chicago, IL, US",Chicago Sport and Social Club,"Let’s Play, Chicago! It’s time to meet people, level up your social life, enjoy some friendly competition and have some fun. Join our community of young professions and experience the best of the city through sports and social events. With Chicago Sport and Social Club it’s not just about competition, it’s about camaraderie. #MoreThanAGameLearn more about us athttps://chicagosocial.com","Sports & Fitness, Soccer, Party",0.0,https://www.eventbrite.com/e/international-soccer-watch-party-tickets-1990990458056,data_eventbrite\images\1990990458056_International_Soccer_Watch_Party.jpg
1442535906729,INT'L CAFE at Revolution Brewing on Kedzie,EventScheduled,https://img.evbuc.com/https%3A%2F%2Fcdn.evbuc.com%2Fimages%2F697935179%2F907420659083%2F1%2Foriginal.20240215-162648?w=940&auto=format%2Ccompress&q=75&sharp=10&rect=0%2C271%2C2000%2C1000&s=8ed0882cc3a54a0ebf8f7613827518cb,2026-06-18T18:00:00-05:00,2026-06-18T21:00:00-05:00,Revolution Brewing - Brewery & Taproom,"3340 North Kedzie Avenue, Chicago, IL 60618, Chicago, IL, US",Jess Ames,,"Community, Language, Party",0.0,https://www.eventbrite.com/e/intl-cafe-at-revolution-brewing-on-kedzie-tickets-1442535906729,data_eventbrite\images\1442535906729_INTL_CAFE_at_Revolution_Brewing_on_Kedzie.jpg
1989800677390,ISOKE. A JORDAN SMITH PROJECT.,EventScheduled,https://img.evbuc.com/https%3A%2F%2Fcdn.evbuc.com%2Fimages%2F1184855094%2F2849329412271%2F1%2Foriginal.20260518-151918?crop=focalpoint&fit=crop&w=940&auto=format%2Ccompress&q=75&sharp=10&fp-x=0.5&fp-y=0.5&s=1d12bed93f0654a2d1dbf174947c8dcc,2026-06-19T18:00:00-05:00,2026-06-19T22:00:00-05:00,1579 N Milwaukee Ave,"1579 North Milwaukee Avenue, Chicago, IL 60622, Chicago, IL, US",Jordan Smith,,"Fashion, Fashion, Screening",0.0,https://www.eventbrite.com/e/isoke-a-jordan-smith-project-tickets-1989800677390,data_eventbrite\images\1989800677390_ISOKE_A_JORDAN_SMITH_PROJECT.jpg
1988835189590,JUNETEENTH: BEAUTY IN BLACK,EventScheduled,https://img.evbuc.com/https%3A%2F%2Fcdn.evbuc.com%2Fimages%2F1183819681%2F27050661361%2F1%2Foriginal.20260505-150402?crop=focalpoint&fit=crop&w=940&auto=format%2Ccompress&q=75&sharp=10&fp-x=0.51&fp-y=0.067&s=6c89e141a4de4a21f639a5d2b2943b3c,2026-06-19T14:00:00-05:00,2026-06-19T19:00:00-05:00,Point & Feather,"113 West Hubbard Street, Chicago, IL 60654, Chicago, IL, US",A FEW GOOD MEN,,"Food & Drink, Other, Party",0.0,https://www.eventbrite.com/e/juneteenth-beauty-in-black-tickets-1988835189590,data_eventbrite\images\1988835189590_JUNETEENTH_BEAUTY_IN_BLACK.jpg
1990803490832,"Juneteenth Day Vibes: Afrobeats, Amapiano, Dancehall, R&B. RSVP",EventScheduled,https://img.evbuc.com/https%3A%2F%2Fcdn.evbuc.com%2Fimages%2F1186820265%2F204942067115%2F1%2Foriginal.20260613-131737?crop=focalpoint&fit=crop&w=940&auto=format%2Ccompress&q=75&sharp=10&fp-x=0.479&fp-y=0.774&s=d1dbaf7d98839656b9fb75dbfc290fb7,2026-06-19T16:00:00-05:00,2026-06-19T21:00:00-05:00,Masada (Outdoor Terrace & Rooftop),"2206 North California Avenue, Chicago, IL 60647, Chicago, IL, US",ChicAfrik & F.A Events,,"Music, DJ/Dance, Party",0.0,https://www.eventbrite.com/e/juneteenth-day-vibes-afrobeats-amapiano-dancehall-rb-rsvp-tickets-1990803490832,data_eventbrite\images\1990803490832_Juneteenth_Day_Vibes_Afrobeats_Amapiano_Dancehall_RB_RSVP.jpg
1985376268865,Juneteenth Takeoff w/ Odeal & Mannie Fresh,EventScheduled,https://img.evbuc.com/https%3A%2F%2Fcdn.evbuc.com%2Fimages%2F1185705611%2F40566223638%2F1%2Foriginal.20260529-150504?crop=focalpoint&fit=crop&w=940&auto=format%2Ccompress&q=75&sharp=10&fp-x=0.471&fp-y=0.012&s=905e11028e76aba8ad39860ff3a8c77a,2026-06-19T18:00:00-05:00,2026-06-20T00:00:00-05:00,Vertiport Chicago,"1339 South Wood Street, Chicago, IL 60608, Chicago, IL, US",Black Yacht Weekend,,"Community, Other, Party",52.07,https://www.eventbrite.com/e/juneteenth-takeoff-w-odeal-mannie-fresh-tickets-1985376268865,data_eventbrite\images\1985376268865_Juneteenth_Takeoff_w_Odeal_Mannie_Fresh.jpg
1991076629798,Juneteenth-Tirgan Weekend at Kavi Gupta,EventScheduled,https://img.evbuc.com/https%3A%2F%2Fcdn.evbuc.com%2Fimages%2F1186163239%2F241780121982%2F1%2Foriginal.20260604-152314?crop=focalpoint&fit=crop&w=940&auto=format%2Ccompress&q=75&sharp=10&fp-x=0.495&fp-y=0.473&s=124bfdd02ced3e9c5c6c7eebf671aa74,2026-06-20T16:00:00-05:00,2026-06-20T19:00:00-05:00,Kavi Gupta | Washington Blvd.,"835 West Washington Boulevard, #Fl. 1-3, Chicago, IL 60607, Chicago, IL, US",Kavi Gupta Gallery,,"Arts, Other, Gala",0.0,https://www.eventbrite.com/e/juneteenth-tirgan-weekend-at-kavi-gupta-tickets-1991076629798,data_eventbrite\images\1991076629798_Juneteenth-Tirgan_Weekend_at_Kavi_Gupta.jpg
1990676018559,Juneteenth X Black Yacht Weekend (Hubbard INN) Chicago,EventScheduled,https://img.evbuc.com/https%3A%2F%2Fcdn.evbuc.com%2Fimages%2F1187077509%2F566690443295%2F1%2Foriginal.20260617-004257?w=940&auto=format%2Ccompress&q=75&sharp=10&s=7c4790331e970bc4109638712549dba2,2026-06-19T21:00:00-05:00,2026-06-20T02:00:00-05:00,Hubbard Inn,"110 West Hubbard Street, Chicago, IL 60654, Chicago, IL, US",Skyline Yacht Cruises,For The Best Party Vibes Come Check Us Out! Not a Borning Dinner Cruise :),"Music, Hip Hop / Rap, Party",55.2,https://www.eventbrite.com/e/juneteenth-x-black-yacht-weekend-hubbard-inn-chicago-tickets-1990676018559,data_eventbrite\images\1990676018559_Juneteenth_X_Black_Yacht_Weekend_Hubbard_INN_Chicago.jpg
1989910647313,Queer Couples Stained Glass Picture Frames - 2 Sessions,EventScheduled,https://img.evbuc.com/https%3A%2F%2Fcdn.evbuc.com%2Fimages%2F1184950668%2F179032456587%2F1%2Foriginal.20260519-151924?crop=focalpoint&fit=crop&w=940&auto=format%2Ccompress&q=75&sharp=10&fp-x=0.892&fp-y=0.497&s=c1eb9829f6873a53142a83a40fecf316,2026-06-20T15:00:00-05:00,2026-06-20T17:30:00-05:00,The WasteShed,"1754 North Kimball Avenue, Chicago, IL 60647, Chicago, IL, US",The WasteShed Chicago,"The WasteShed is a nonprofit thrift store for art, craft, and school materials and a neighborhood center for sustainable fun. We accept donations of reusable creative and educational supplies and make them available to teachers, artists, and the general public for cheap. Since 2014, The WasteShed has diverted over 92 tons of materials (with an estimated value of $1.6 million) away from the landfill and back into our community, and provided deeply discounted or free supplies to hundreds of schools, nonprofits and cultural organizations across the greater Chicago area. We also provide waste-prevention and reuse-based art programming for all ages.Our Humboldt Park location is at 2842 W Chicago Avenue in Chicago.","Hobbies, DIY, Class",321.96,https://www.eventbrite.com/e/queer-couples-stained-glass-picture-frames-2-sessions-tickets-1989910647313,data_eventbrite\images\1989910647313_Queer_Couples_Stained_Glass_Picture_Frames_-_2_Sessions.jpg
1989150245932,"Read Gay, Do Crime Book Club",EventScheduled,https://img.evbuc.com/https%3A%2F%2Fcdn.evbuc.com%2Fimages%2F1186787034%2F2996996039293%2F1%2Foriginal.20260612-195546?crop=focalpoint&fit=crop&w=940&auto=format%2Ccompress&q=75&sharp=10&fp-x=0.5&fp-y=0.5&s=4364e91b4dab19379313efa1c725f761,2026-06-18T19:30:00-05:00,2026-06-18T21:00:00-05:00,Partners in Crime Bookshop,"4105 North Lincoln Avenue, Chicago, IL 60618, Chicago, IL, US",Partners in Crime Bookshop,,"Hobbies, Books, Party",0.0,https://www.eventbrite.com/e/read-gay-do-crime-book-club-tickets-1989150245932,data_eventbrite\images\1989150245932_Read_Gay_Do_Crime_Book_Club.jpg
1989443462952,Sashiko Workshop - Design & Sashiko Your Shoes!,EventScheduled,https://img.evbuc.com/https%3A%2F%2Fcdn.evbuc.com%2Fimages%2F1180099444%2F2995166942619%2F1%2Foriginal.20260317-235953?crop=focalpoint&fit=crop&w=940&auto=format%2Ccompress&q=75&sharp=10&fp-x=0.5&fp-y=0.5&s=8872d7b5124b6fe4e789d16c5b231619,2026-06-20T14:00:00-05:00,2026-06-20T17:00:00-05:00,BLISS JOY BULL,"1210 West Granville Avenue, #Commercial West, Chicago, IL 60660, Chicago, IL, US",BLISS JOY BULL,Nandi strives for zero waste in her designs for home and body using fabric diverted from landfills & certified organic fabrics.Nandi teaches sewing workshops that help you make your clothing last longer with visible mending. Nandi has been sewing since the early 90's and has been teaching since 2021.,"Hobbies, DIY, Class",100.0,https://www.eventbrite.com/e/sashiko-workshop-design-sashiko-your-shoes-tickets-1989443462952,data_eventbrite\images\1989443462952_Sashiko_Workshop_-_Design_Sashiko_Your_Shoes.jpg
1989909892054,Soft Serve: A Black Yacht Weekend Rooftop Party,EventScheduled,https://img.evbuc.com/https%3A%2F%2Fcdn.evbuc.com%2Fimages%2F1186169858%2F577819932163%2F1%2Foriginal.20260604-163204?crop=focalpoint&fit=crop&w=940&auto=format%2Ccompress&q=75&sharp=10&fp-x=0.5&fp-y=0.5&s=40b0703a313f03d0892d40e33d15bf6e,2026-06-20T14:00:00-05:00,2026-06-20T20:00:00-05:00,Joy District,"112 West Hubbard Street, Chicago, IL 60654, Chicago, IL, US",That's So Rubes x Take Five x Black Yacht Weekend,The ultimate spring kickoff party!,"Other, Party",0.0,https://www.eventbrite.com/e/soft-serve-a-black-yacht-weekend-rooftop-party-tickets-1989909892054,data_eventbrite\images\1989909892054_Soft_Serve_A_Black_Yacht_Weekend_Rooftop_Party.jpg
1986663967406,Step Into Summer: A Styling Soirée,EventScheduled,https://img.evbuc.com/https%3A%2F%2Fcdn.evbuc.com%2Fimages%2F1185615226%2F2194090126813%2F1%2Foriginal.20260528-140621?crop=focalpoint&fit=crop&w=940&auto=format%2Ccompress&q=75&sharp=10&fp-x=0.5&fp-y=0.5&s=e20eb68a7139048fcf84467ef577a169,2026-06-20T12:00:00-05:00,2026-06-20T17:00:00-05:00,111 N State St,"111 North State Street, Chicago, IL 60602, Chicago, IL, US",Macy’s on State Street Events,,"Fashion, Fashion, Party",0.0,https://www.eventbrite.com/e/step-into-summer-a-styling-soiree-tickets-1986663967406,data_eventbrite\images\1986663967406_Step_Into_Summer_A_Styling_Soirée.jpg
1989402345970,The Business of Luxury,EventScheduled,https://img.evbuc.com/https%3A%2F%2Fcdn.evbuc.com%2Fimages%2F1184535438%2F2860985527901%2F1%2Foriginal.20260513-193754?crop=focalpoint&fit=crop&w=940&auto=format%2Ccompress&q=75&sharp=10&fp-x=0.5&fp-y=0.5&s=29903ea0056469c996e2017b2663301f,2026-06-17T17:00:00-05:00,2026-06-17T20:00:00-05:00,Mobili Mobel,"300 West Superior Street, #Suite 103, Chicago, IL 60654, Chicago, IL, US",Houzz,,"Business, Design, Seminar",0.0,https://www.eventbrite.com/e/the-business-of-luxury-tickets-1989402345970,data_eventbrite\images\1989402345970_The_Business_of_Luxury.jpg
1990757914512,The Darkroom Chicago: Date Night Workshop in Logan Square,EventScheduled,https://img.evbuc.com/https%3A%2F%2Fcdn.evbuc.com%2Fimages%2F1185837337%2F150186384716%2F1%2Foriginal.20260601-052542?w=940&auto=format%2Ccompress&q=75&sharp=10&s=94329a62c50fbf0e87c4fbf389db1901,2026-06-20T17:00:00-05:00,2026-06-20T20:00:00-05:00,Mobile Makers Chicago,"1757 North Kimball Avenue, Chicago, IL 60647, Chicago, IL, US",The Darkroom Chicago,"The Darkroom Chicago is a community darkroom and creative studio rooted in the art of film photography. We offer hands-on development workshops, immersive darkroom sessions, and unforgettable analog experiences designed for photographers of all levels—from first-timers to seasoned shooters. Whether you're here to learn, connect, or create, this is where your story develops.","Hobbies, Photography, Class",87.21,https://www.eventbrite.com/e/the-darkroom-chicago-date-night-workshop-in-logan-square-tickets-1990757914512,data_eventbrite\images\1990757914512_The_Darkroom_Chicago_Date_Night_Workshop_in_Logan_Square.jpg
1984204246314,The Friday Experience Day Party at ROOF on the WIT 3-8PM,EventScheduled,https://img.evbuc.com/https%3A%2F%2Fcdn.evbuc.com%2Fimages%2F1186316220%2F1888051608833%2F1%2Foriginal.20260606-195958?crop=focalpoint&fit=crop&w=940&auto=format%2Ccompress&q=75&sharp=10&fp-x=0.5&fp-y=0.5&s=537511fc03d60368554d1614eaed92c0,2026-06-19T15:00:00-05:00,2026-06-19T20:00:00-05:00,ROOF on theWit,"201 North State Street, #27th Floor, Chicago, IL 60601, Chicago, IL, US",KO’s Playlist,,"Music, R&B, Performance",82.57,https://www.eventbrite.com/e/the-friday-experience-day-party-at-roof-on-the-wit-3-8pm-tickets-1984204246314,data_eventbrite\images\1984204246314_The_Friday_Experience_Day_Party_at_ROOF_on_the_WIT_3-8PM.jpg
1985596525659,The Mustache Crawl: Chicago's BIGGEST Bar Crawl!,EventScheduled,https://img.evbuc.com/https%3A%2F%2Fcdn.evbuc.com%2Fimages%2F1186960126%2F277580722148%2F1%2Foriginal.20260615-185519?crop=focalpoint&fit=crop&w=940&auto=format%2Ccompress&q=75&sharp=10&fp-x=0.5&fp-y=0.5&s=a86660b2e3f4a0a066ad044a859991c4,2026-07-25T09:00:00-05:00,,Wrigleyville's Best Bars (Full List in Details),"1059 W Addison, Chicago, IL 60613, Chicago, IL, US",Chicago Twenty Something,"If you're a recent college graduate, young professional, or just someone looking to have some fun, Chicago 20 Something is your one stop shop for all things party in Chicago!","Food & Drink, Beer, Party",25.0,https://www.eventbrite.com/e/the-mustache-crawl-chicagos-biggest-bar-crawl-tickets-1985596525659,data_eventbrite\images\1985596525659_The_Mustache_Crawl_Chicagos_BIGGEST_Bar_Crawl.jpg
1986355155742,The Spice Must Flow: A Live-Action Roleplaying Game,EventScheduled,https://img.evbuc.com/https%3A%2F%2Fcdn.evbuc.com%2Fimages%2F1181120900%2F1936125557223%2F1%2Foriginal.20260331-180050?crop=focalpoint&fit=crop&w=940&auto=format%2Ccompress&q=75&sharp=10&fp-x=0.5&fp-y=0.5&s=ca266eb73d57a7dae526e3765f66686d,2026-07-11T19:00:00-05:00,2026-07-11T23:45:00-05:00,"Goblin Market Manga & Curiosities, North Lincoln Avenue, Chicago, IL, USA","2868 North Lincoln Avenue, Chicago, IL 60657, Chicago, IL, US",Goblin Market,"Goblin Market on Lincoln Ave specializes in manga, manhwa, danmei, comics, independent RPGs, queer stories, unique crafts, & curiosities.","Hobbies, Gaming, Game",24.64,https://www.eventbrite.com/e/the-spice-must-flow-a-live-action-roleplaying-game-tickets-1986355155742,data_eventbrite\images\1986355155742_The_Spice_Must_Flow_A_Live-Action_Roleplaying_Game.jpg
1988766216289,The World We Want Artist-Led Workshop with Olly Costello,EventScheduled,https://img.evbuc.com/https%3A%2F%2Fcdn.evbuc.com%2Fimages%2F1183710681%2F2112533821153%2F1%2Foriginal.20260504-150458?crop=focalpoint&fit=crop&w=940&auto=format%2Ccompress&q=75&sharp=10&fp-x=0.224&fp-y=0.044&s=e47ab474d54a1e45a641e8be9ac83934,2026-06-17T17:30:00-05:00,2026-06-17T19:30:00-05:00,Jane Addams Hull-House Museum,"800 S. Halsted Street, Chicago, IL 60607, Chicago, IL, US",Jane Addams Hull-House Museum,"Jane Addams Hull-House Museum(JAHHM)draws upon the legacy of international peace activist and feminist, Jane Addams, and other social reformers who worked, alongside their immigrant neighbors, to create social change on the Near West Side of Chicago during the Progressive Era. The Museum preserves and develops the original Hull-House site for the interpretation and continuation of the historic settlement house vision. Exhibitions and public programs elevate histories of activism, progressive education and democratic principles of participation and exchange, and connect them to present-day social justice issues.","Arts, Craft, Class",0.0,https://www.eventbrite.com/e/the-world-we-want-artist-led-workshop-with-olly-costello-tickets-1988766216289,data_eventbrite\images\1988766216289_The_World_We_Want_Artist-Led_Workshop_with_Olly_Costello.jpg
1986305515266,Trickery Chicago Magic Show,EventScheduled,https://img.evbuc.com/https%3A%2F%2Fcdn.evbuc.com%2Fimages%2F114915757%2F238711835276%2F1%2Foriginal.20201016-162830?w=940&auto=format%2Ccompress&q=75&sharp=10&rect=0%2C22%2C2048%2C1024&s=0b3ad60ce61d56401f9cc59310de1322,2026-06-18T19:00:00-05:00,,Trickery,"3453 North Halsted Street, Chicago, IL 60657, Chicago, IL, US",Trickery Chicago,Trickery is Chicago's finest BYOB venue for truly entertaining and breathtaking magic shows.,"Arts, Comedy, Performance",36.36,https://www.eventbrite.com/e/trickery-chicago-magic-show-tickets-1986305515266,data_eventbrite\images\1986305515266_Trickery_Chicago_Magic_Show.jpg
1975197041522,unMuddled Mixology Class @ Lone Owl Pub,EventScheduled,https://img.evbuc.com/https%3A%2F%2Fcdn.evbuc.com%2Fimages%2F1181614850%2F416658820381%2F1%2Foriginal.20260407-172706?crop=focalpoint&fit=crop&w=940&auto=format%2Ccompress&q=75&sharp=10&fp-x=0.564&fp-y=0.383&s=b0f72e7fbc38293d9d5538ef0dfe8868,2026-06-18T19:00:00-05:00,2026-06-18T21:00:00-05:00,"Lone Owl, North Milwaukee Avenue, Chicago, IL, USA","1547 North Milwaukee Avenue, Chicago, IL 60622, Chicago, IL, US",unMuddled Bartending Co. @ Lone Owl Pub,"O﻿ur mixology classes are a bit different than most. Instead of an over-the-top recipe you'll realistically never take the time to make at home, we'll teach you cocktail ""styles"" or ""templates"" that are straight-forward & easy to remember, and will give you the base knowledge to repeatedly craft your own cocktail variations that are simple yet taste balanced, complex and, most importantly, adjust to your own personal taste. Genuinely creative non-alcoholic options are always available!","Food & Drink, Spirits, Class",65.0,https://www.eventbrite.com/e/unmuddled-mixology-class-lone-owl-pub-tickets-1975197041522,data_eventbrite\images\1975197041522_unMuddled_Mixology_Class_Lone_Owl_Pub.jpg
1981064097043,Urban Sketchers Chicago Sketch Seminar 2026,EventScheduled,https://img.evbuc.com/https%3A%2F%2Fcdn.evbuc.com%2Fimages%2F1178789797%2F292205338840%2F1%2Foriginal.20260302-142640?crop=focalpoint&fit=crop&w=940&auto=format%2Ccompress&q=75&sharp=10&fp-x=0.5&fp-y=0.5&s=35f7eba7b0575ed592945cc813f105ef,,,Palette & Chisel Art Academy,"1012 North Dearborn Street, Chicago, IL 60610, Chicago, IL, US",Urban Sketchers Chicago,,"Arts, Fine Art, Seminar",151.23,https://www.eventbrite.com/e/urban-sketchers-chicago-sketch-seminar-2026-tickets-1981064097043,data_eventbrite\images\1981064097043_Urban_Sketchers_Chicago_Sketch_Seminar_2026.jpg
1460359417329,Volunteer with Uncle Pete's Ministry,EventScheduled,https://img.evbuc.com/https%3A%2F%2Fcdn.evbuc.com%2Fimages%2F799726059%2F95201497033%2F1%2Foriginal.20240701-203304?w=940&auto=format%2Ccompress&q=75&sharp=10&rect=0%2C32%2C1280%2C640&s=44f5139938378b7fa1c2a1098cbb149a,2026-06-20T10:00:00-05:00,2026-06-20T11:00:00-05:00,1711 N Cleveland Ave,"1711 North Cleveland Avenue, Chicago, IL 60614, Chicago, IL, US",St. Michael in Old Town,,"Spirituality, Christianity, Networking",0.0,https://www.eventbrite.com/e/volunteer-with-uncle-petes-ministry-tickets-1460359417329,data_eventbrite\images\1460359417329_Volunteer_with_Uncle_Petes_Ministry.jpg
1984976165144,Waku Waku: Anime Rave [Chicago],EventScheduled,https://img.evbuc.com/https%3A%2F%2Fcdn.evbuc.com%2Fimages%2F1177885558%2F290918113901%2F1%2Foriginal.20260218-224301?crop=focalpoint&fit=crop&w=940&auto=format%2Ccompress&q=75&sharp=10&fp-x=0.5&fp-y=0.5&s=c5dc119573fcf59ab6a9600810f53eb7,2026-06-20T21:00:00-05:00,,Subterranean,"2011 W. North Ave., Chicago, IL 60647, Chicago, IL, US",ORLOVE,,"Music, DJ/Dance, Performance",14.53,https://www.eventbrite.com/e/waku-waku-anime-rave-chicago-tickets-1984976165144,data_eventbrite\images\1984976165144_Waku_Waku_Anime_Rave_Chicago.jpg
1987550354614,Write About Now Poetry Live in Chicago ft. K-Love The Poet,EventScheduled,https://img.evbuc.com/https%3A%2F%2Fcdn.evbuc.com%2Fimages%2F1017167043%2F8345801509%2F1%2Foriginal.20250426-032423?crop=focalpoint&fit=crop&w=940&auto=format%2Ccompress&q=75&sharp=10&fp-x=0.019305019305&fp-y=0.966189103004&s=1802ec44b9472189e9900df1975173c4,2026-07-10T19:30:00-05:00,2026-07-10T22:30:00-05:00,Logan Square Auditorium,"2539 North Kedzie Boulevard, Chicago, IL 60647, Chicago, IL, US",Write About Now Poetry,Live events every week! Learn more at www.writeaboutnowpoetry.com,"Arts, Literary Arts, Performance",33.15,https://www.eventbrite.com/e/write-about-now-poetry-live-in-chicago-ft-k-love-the-poet-tickets-1987550354614,data_eventbrite\images\1987550354614_Write_About_Now_Poetry_Live_in_Chicago_ft_K-Love_The_Poet.jpg
1989216649547,EmpCo‑Richtlinie 2026: Nachhaltigkeit rechtssicher kommunizieren,EventScheduled,https://img.evbuc.com/https%3A%2F%2Fcdn.evbuc.com%2Fimages%2F1184288615%2F1661299739353%2F1%2Foriginal.20260511-123934?crop=focalpoint&fit=crop&w=940&auto=format%2Ccompress&q=75&sharp=10&fp-x=0.5&fp-y=0.5&s=7cb794b44b6621abcd796756fc899da1,2026-06-25T15:00:00+02:00,2026-06-25T16:30:00+02:00,Online,,Mittelstand-Digital Zentrum Tourismus,,"Business, Sales & Marketing, Class",0.0,https://www.eventbrite.de/e/empcorichtlinie-2026-nachhaltigkeit-rechtssicher-kommunizieren-tickets-1989216649547,data_eventbrite\images\1989216649547_EmpCoRichtlinie_2026_Nachhaltigkeit_rechtssicher_kommunizieren.jpg
1989822537775,How to Apply for the Klaus Tschira Boost Fund 2026,EventScheduled,https://img.evbuc.com/https%3A%2F%2Fcdn.evbuc.com%2Fimages%2F1184837388%2F5639068083%2F1%2Foriginal.20260518-113005?crop=focalpoint&fit=crop&w=940&auto=format%2Ccompress&q=75&sharp=10&fp-x=0.5&fp-y=0.5&s=a2df9f4ee024d9d499ee5393166ad17f,2026-07-08T16:00:00+02:00,,Online,,"Guidance, Skills & Opportunities for Researchers","Researchers work on solutions to societal challenges – in academia as well as in other sectors. We offer tailored Career Guidance, targeted Skill Development, and Opportunities through innovative programs for PhD-level researchers. This enables them to fully realize their potential and strategically shape their careers.We share our knowledge and network with key players from research, business, foundations, and politics. Together, we aim to identify structural challenges, develop new solutions, and drive systemic innovation.","Science & Tech, Other, Seminar",0.0,https://www.eventbrite.de/e/how-to-apply-for-the-klaus-tschira-boost-fund-2026-tickets-1989822537775,data_eventbrite\images\1989822537775_How_to_Apply_for_the_Klaus_Tschira_Boost_Fund_2026.jpg
1990624083219,Infocall geMaitzam Wohnen in Holzkirchen,EventScheduled,https://img.evbuc.com/https%3A%2F%2Fcdn.evbuc.com%2Fimages%2F695363889%2F1865723770423%2F1%2Foriginal.20240212-165929?w=940&auto=format%2Ccompress&q=75&sharp=10&rect=0%2C159%2C1258%2C629&s=78e69f1892c72b63cd875be072c836f6,2026-07-01T17:00:00+02:00,2026-07-01T18:00:00+02:00,Online,,bzw.dorf,,"Travel & Outdoor, Travel, Seminar",0.0,https://www.eventbrite.de/e/infocall-gemaitzam-wohnen-in-holzkirchen-tickets-1990624083219,data_eventbrite\images\1990624083219_Infocall_geMaitzam_Wohnen_in_Holzkirchen.jpg
1988897207086,"NIS2 für KMU: Lücken erkennen, Pflichten erfüllen, Cloud absichern",EventScheduled,https://img.evbuc.com/https%3A%2F%2Fcdn.evbuc.com%2Fimages%2F1185952291%2F163651187144%2F1%2Foriginal.20260602-113204?crop=focalpoint&fit=crop&w=940&auto=format%2Ccompress&q=75&sharp=10&fp-x=0.033&fp-y=0.487&s=ee50158ea6d538fb410aae18efdde426,2026-06-23T11:15:00+02:00,2026-06-23T12:15:00+02:00,Online,,SIBB // Digitalverband Berlin-Brandenburg,,"Business, Startups & Small Business, Class",0.0,https://www.eventbrite.de/e/nis2-fur-kmu-lucken-erkennen-pflichten-erfullen-cloud-absichern-tickets-1988897207086,data_eventbrite\images\1988897207086_NIS2_für_KMU_Lücken_erkennen_Pflichten_erfüllen_Cloud_absichern.jpg
1982433460847,Reset Geschäftsmodell: Wie aus KI-Ideen echte Projekte werden,EventScheduled,https://img.evbuc.com/https%3A%2F%2Fcdn.evbuc.com%2Fimages%2F1187092713%2F290989483012%2F1%2Foriginal.20260617-073433?w=940&auto=format%2Ccompress&q=75&sharp=10&s=824bed0653c1abbe1e913d8d990fbe09,2026-07-02T10:00:00+02:00,2026-07-02T11:00:00+02:00,Online,,Mittelstand-Digital Zentrum Berlin,Website: https://digitalzentrum-berlin.de/veranstalter/mittelstand-digital-zentrum-berlin,"Business, Career, Class",0.0,https://www.eventbrite.de/e/reset-geschaftsmodell-wie-aus-ki-ideen-echte-projekte-werden-registrierung-1982433460847,data_eventbrite\images\1982433460847_Reset_Geschäftsmodell_Wie_aus_KI-Ideen_echte_Projekte_werden.jpg
1989660207240,Was kann Copilot? –,EventScheduled,https://img.evbuc.com/https%3A%2F%2Fcdn.evbuc.com%2Fimages%2F1179685792%2F1357479753143%2F1%2Foriginal.20260312-140507?crop=focalpoint&fit=crop&w=940&auto=format%2Ccompress&q=75&sharp=10&fp-x=0.104&fp-y=0.489&s=55229c9be5e2ff805976718453b205f4,2026-06-17T12:00:00+02:00,2026-06-17T13:00:00+02:00,Online,,Digitales Innovationszentrum Schwerin,,"Business, Startups & Small Business, Seminar",0.0,https://www.eventbrite.de/e/was-kann-copilot-tickets-1989660207240,data_eventbrite\images\1989660207240_Was_kann_Copilot.jpg
1988553853105,"Workshop ""Honorare Berechnen""",EventScheduled,https://img.evbuc.com/https%3A%2F%2Fcdn.evbuc.com%2Fimages%2F1183421472%2F551862853669%2F1%2Foriginal.20260430-114918?crop=focalpoint&fit=crop&w=940&auto=format%2Ccompress&q=75&sharp=10&fp-x=0.5&fp-y=0.5&s=726fc4db196509411091ef2a152ce9b8,2026-06-18T10:00:00+02:00,2026-06-18T12:00:00+02:00,Online,,BFDK,,"Community, Language, Class",0.0,https://www.eventbrite.de/e/workshop-honorare-berechnen-tickets-1988553853105,data_eventbrite\images\1988553853105_Workshop_Honorare_Berechnen.jpg
1988165418286,Workshop mit Dipl.-Psych. Beate Kettemann: ADHS-Diagnostik,EventScheduled,https://img.evbuc.com/https%3A%2F%2Fcdn.evbuc.com%2Fimages%2F450258279%2F1206442854213%2F1%2Foriginal.20230220-162242?w=940&auto=format%2Ccompress&q=75&sharp=10&rect=0%2C0%2C2160%2C1080&s=10d58ac28c5713892536c3705e6de37c,2026-07-01T16:00:00+02:00,2026-07-01T20:30:00+02:00,Online,,Beltz Akademie,,"Business, Other, Class",199.0,https://www.eventbrite.de/e/workshop-mit-dipl-psych-beate-kettemann-adhs-diagnostik-tickets-1988165418286,data_eventbrite\images\1988165418286_Workshop_mit_Dipl-Psych_Beate_Kettemann_ADHS-Diagnostik.jpg
1991483117614,AI & Tech Networking Event in Ho Chi Minh City by Ascent Valley,EventScheduled,https://img.evbuc.com/https%3A%2F%2Fcdn.evbuc.com%2Fimages%2F1186510494%2F2985960207467%2F1%2Foriginal.20260609-162208?crop=focalpoint&fit=crop&w=940&auto=format%2Ccompress&q=75&sharp=10&fp-x=0.042&fp-y=0.418&s=7a124100f2669601c3952d7a5ed8c114,2026-07-14T18:00:00+07:00,2026-07-14T21:00:00+07:00,CỘI,"77-79 Lý Tự Trọng, Thành phố Hồ Chí Minh, Hồ Chí Minh 670000, Thành phố Hồ Chí Minh, Hồ Chí Minh, VN",Ascent Valley,,"Business, Startups & Small Business, Networking",0.0,https://www.eventbrite.com/e/ai-tech-networking-event-in-ho-chi-minh-city-by-ascent-valley-tickets-1991483117614,data_eventbrite\images\1991483117614_AI_Tech_Networking_Event_in_Ho_Chi_Minh_City_by_Ascent_Valley.jpg
1975105878852,Join Biggest Community | Investors Founders | Online,EventScheduled,https://img.evbuc.com/https%3A%2F%2Fcdn.evbuc.com%2Fimages%2F1179266789%2F2837456016251%2F1%2Foriginal.20260307-075937?crop=focalpoint&fit=crop&w=940&auto=format%2Ccompress&q=75&sharp=10&fp-x=0.5&fp-y=0.5&s=2bf7e74206d75772cf3cefbf5989da33,2026-06-18T18:00:00+07:00,2026-06-18T19:00:00+07:00,Ho Chi Minh City,"Ho Chi Minh City, Ho Chi Minh City, Ho Chi Minh City 710000, Ho Chi Minh City, Ho Chi Minh City, VN",Tablon Global,"Tablon is B2B Networking company to connect Investors & Founders.BothInvestors & Foundersbelieve meeting in-person is far more effective to discuss investment rather than sending emails, cold calls & knocking on doors.","Business, Investment, Networking",0.0,https://www.eventbrite.com/e/join-biggest-community-investors-founders-online-tickets-1975105878852,data_eventbrite\images\1975105878852_Join_Biggest_Community_Investors_Founders_Online.jpg
1991359217024,SME TECHNOLOGY & AI NETWORKING,EventScheduled,https://img.evbuc.com/https%3A%2F%2Fcdn.evbuc.com%2Fimages%2F1186391200%2F2997337467678%2F1%2Foriginal.20260608-105546?crop=focalpoint&fit=crop&w=940&auto=format%2Ccompress&q=75&sharp=10&fp-x=0.5&fp-y=0.5&s=136f93071501296b7ce68d57fde3f339,2026-06-19T10:00:00+07:00,2026-06-19T12:00:00+07:00,29 Lê Anh Xuân,"29 Đường Lê Anh Xuân, Thành phố Hồ Chí Minh, Hồ Chí Minh, Thành phố Hồ Chí Minh, Hồ Chí Minh, VN",Autavo,,,0.0,https://www.eventbrite.com/e/sme-technology-ai-networking-tickets-1991359217024,data_eventbrite\images\1991359217024_SME_TECHNOLOGY_AI_NETWORKING.jpg
1991453263319,Taste of Summer:  Peaches & Nectarines Experience Workshop,EventScheduled,https://img.evbuc.com/https%3A%2F%2Fcdn.evbuc.com%2Fimages%2F1186568498%2F97655118995%2F1%2Foriginal.20260610-063042?crop=focalpoint&fit=crop&w=940&auto=format%2Ccompress&q=75&sharp=10&fp-x=0.5&fp-y=0.5&s=0813ff3b860b2fbd4469f40b5165acbf,2026-06-22T14:00:00+07:00,2026-06-22T16:00:00+07:00,The American Center HCMC,"8th Floor, Diamond Plaza, 34 Le Duan Blv., Ben Nghe Ward, District 1, Ho Chi Minh City, Ho Chi Minh City, VN",The U.S Consulate General in Ho Chi Minh City,,"Other, Other",0.0,https://www.eventbrite.com/e/taste-of-summer-peaches-nectarines-experience-workshop-tickets-1991453263319,data_eventbrite\images\1991453263319_Taste_of_Summer_Peaches_Nectarines_Experience_Workshop.jpg
1990621383143,"Vietnam Retail Decoded: Trade, Growth & Market Entry",EventScheduled,https://img.evbuc.com/https%3A%2F%2Fcdn.evbuc.com%2Fimages%2F1186371245%2F2694880344191%2F1%2Foriginal.20260608-023608?crop=focalpoint&fit=crop&w=940&auto=format%2Ccompress&q=75&sharp=10&fp-x=0.5&fp-y=0.5&s=8645235ac846abbf246fb273d12e210a,2026-06-25T10:00:00+07:00,2026-06-25T12:00:00+07:00,The Executive Centre - The Nexus | Serviced & Virtual Office and Workspace,"3A - 3B Ward, #Level 17-18, Thành phố Hồ Chí Minh, Hồ Chí Minh 700000, Thành phố Hồ Chí Minh, Hồ Chí Minh, VN",Acclime Vietnam,"Join our informative seminars, webinars, and workshops to expand your knowledge in fields that matter most to you.","Business, Startups & Small Business, Seminar",0.0,https://www.eventbrite.com/e/vietnam-retail-decoded-trade-growth-market-entry-tickets-1990621383143,data_eventbrite\images\1990621383143_Vietnam_Retail_Decoded_Trade_Growth_Market_Entry.jpg
1990006185069,WACOM x OVNC Minicup 2,EventScheduled,https://img.evbuc.com/https%3A%2F%2Fcdn.evbuc.com%2Fimages%2F1185047598%2F2380677690523%2F1%2Foriginal.20260520-153529?crop=focalpoint&fit=crop&w=940&auto=format%2Ccompress&q=75&sharp=10&fp-x=0.481&fp-y=0.538&s=72028bca376b9adcbb40d2a89a1f2d79,2026-06-28T12:00:00+07:00,2026-06-28T17:00:00+07:00,Phương Nam Book City,"11 Đường Sư Vạn Hạnh, Thành phố Hồ Chí Minh, Hồ Chí Minh, Thành phố Hồ Chí Minh, Hồ Chí Minh, VN",Osu! Việt Nam Community,,"Community, State, Tournament",0.0,https://www.eventbrite.com/e/wacom-x-ovnc-minicup-2-tickets-1990006185069,data_eventbrite\images\1990006185069_WACOM_x_OVNC_Minicup_2.jpg
1991520851477,WEALTH Transition Conferences - VIETNAM Series,EventScheduled,https://img.evbuc.com/https%3A%2F%2Fcdn.evbuc.com%2Fimages%2F1186562961%2F2986230012977%2F1%2Foriginal.20260610-034243?crop=focalpoint&fit=crop&w=940&auto=format%2Ccompress&q=75&sharp=10&fp-x=0.5&fp-y=0.5&s=08101994d0bbe567b2fcf15d3e715ee6,2026-06-21T14:00:00+07:00,2026-06-21T17:00:00+07:00,Délichi Wine Bar and Eatery,"117 Nguyễn Văn Hưởng, Thành phố Hồ Chí Minh, Hồ Chí Minh 70000, Thành phố Hồ Chí Minh, Hồ Chí Minh, VN","Gwladys PLACIDE, Legacy Architect, ELEVATE Corp.",,"Business, Finance, Conference",0.0,https://www.eventbrite.com/e/wealth-transition-conferences-vietnam-series-tickets-1991520851477,data_eventbrite\images\1991520851477_WEALTH_Transition_Conferences_-_VIETNAM_Series.jpg
1988312459089,World Data Center Summit - Vietnam,EventScheduled,https://img.evbuc.com/https%3A%2F%2Fcdn.evbuc.com%2Fimages%2F1187003340%2F1917475292883%2F1%2Foriginal.20260616-060132?crop=focalpoint&fit=crop&w=940&auto=format%2Ccompress&q=75&sharp=10&fp-x=0.5&fp-y=0.5&s=9aa23801ebc5a8508197e4877271bc60,2026-10-08T09:00:00+07:00,2026-10-08T17:00:00+07:00,Holiday Inn & Suites Saigon Airport by IHG,"18E Đường Cộng Hòa, Thành phố Hồ Chí Minh, Hồ Chí Minh 700000, Thành phố Hồ Chí Minh, Hồ Chí Minh, VN",TraiCon Events,,"Business, Other, Conference",0.0,https://www.eventbrite.com/e/world-data-center-summit-vietnam-tickets-1988312459089,data_eventbrite\images\1988312459089_World_Data_Center_Summit_-_Vietnam.jpg
1980535236206,Asian Sky Forum – 2026 Ho Chi Minh City,EventScheduled,https://img.evbuc.com/https%3A%2F%2Fcdn.evbuc.com%2Fimages%2F1185195865%2F2605640527831%2F1%2Foriginal.20260522-054840?crop=focalpoint&fit=crop&w=940&auto=format%2Ccompress&q=75&sharp=10&fp-x=0.5&fp-y=0.5&s=37bb92150a4f5f318611e6a7affa52a5,2026-06-23T18:00:00+07:00,2026-06-25T17:00:00+07:00,"Vinpearl Landmark 81, Ho Chi Minh City, Vietnam","720A Điện Biên Phủ, Phường 22, Bình Thạnh, Thành phố Hồ Chí Minh 700000, Vietnam, Ho Chi Minh City, 700000, Ho Chi Minh City, VN",Asian Sky Group,"The Asian Sky Forum is a premier business aviation event that gathers industry leaders, professionals, and key stakeholders from across the Asia-Pacific region. Hosted by Asian Sky Group, this exclusive forum is designed to foster discussions on market trends, aircraft transactions, regulatory updates, and the evolving role of business aviation in the region.","Business, Sales & Marketing, Conference",0.0,https://www.eventbrite.hk/e/asian-sky-forum-2026-ho-chi-minh-city-tickets-1980535236206,data_eventbrite\images\1980535236206_Asian_Sky_Forum_2026_Ho_Chi_Minh_City.jpg
1990619309942,"TEC x Acclime: Vietnam retail decoded: Trade, growth and market entry",EventScheduled,https://img.evbuc.com/https%3A%2F%2Fcdn.evbuc.com%2Fimages%2F1186579576%2F247586997552%2F1%2Foriginal.20260610-104403?w=940&auto=format%2Ccompress&q=75&sharp=10&s=1a0688abf1fc3bc27d0ee1c48cb4dbcd,2026-06-25T10:00:00+07:00,2026-06-25T12:00:00+07:00,The Nexus,"3A-3B Đường Tôn Đức Thắng, Level 18, Thành phố Hồ Chí Minh, Hồ Chí Minh 700000, Thành phố Hồ Chí Minh, Hồ Chí Minh, VN",The Executive Centre (TEC) Community,"The Executive Centre (TEC) is Asia’s premium flexible workspace provider with over 220+ Centres in 36 cities and 16 markets across Greater China, Southeast Asia, North Asia, India, Sri Lanka, Australia and the Middle East. It is the third largest serviced office business in Asia with annual turnover in excess of US$315 million. Since TEC’s foundation in 1994, it has built a membership of over 50,000+ distinguished professionals and has facilitated connection, and personal and professional growth in over 4.7 million sq feet of collaborative workspace.TEC provides the highest quality Managed Enterprise Solutions, private, virtual, and coworking spaces, each equipped with meeting facilities, video conferencing and a broad range of business concierge services. Located in the most prestigious buildings in the central business district of each city, TEC is dedicated to serving multinational corporations, small / medium enterprises, and start-ups locally, regionally and internationally with the most flexible and dynamic workplace solutions. Through a dynamic in-centre events program and a robust digital ecosystem, TEC helps its Members to build relationships that help their businesses’ succeed.Based on a ‘Members first’ philosophy, TEC has created a community of like-minded professionals and strives to provide businesses with an opportunity to “work smarter, not harder” and achieve office space flexibility, cost effectiveness and productivity. As the leading premium serviced office provider, TEC looks after their Members’ businesses as if they were their own, treating Members’ success as their own success.Having evolved alongside Members, TEC are always anticipating new ways to facilitate business and personal growth. The TEC Community fosters connections between the growing membership, giving them opportunities to collaborate and share information. Members can take advantage of a robust event program, exclusive benefits and the TEC Online Forum to engage across the global network.TEC’s client base is composed of leading companies from the financial services, technology and corporate sectors. TEC's commitment to its Members is to be “Your Space for Success”.The heart and soul of TEC Centres are its Engagement Team, a group of highly trained concierge personnel who provide local knowledge and business support to Members, ensuring a smooth transition into their new city.To this day TEC’s Members remain at the core of the business - that ethos hasn’t changed in over 30+ years. As a result, The Executive Centre’s average tenancy is 36 months (despite an average contract of 12 months) and continues to rise. With an NPS (Net Promoter Score) of 66, TEC ranks exceptionally highly in terms of customer loyalty and satisfaction.","Business, Startups & Small Business, Seminar",0.0,https://www.eventbrite.hk/e/tec-x-acclime-vietnam-retail-decoded-trade-growth-and-market-entry-tickets-1990619309942,data_eventbrite\images\1990619309942_TEC_x_Acclime_Vietnam_retail_decoded_Trade_growth_and_market_entry.jpg
1984840234572,Build Better HCMC 2026,EventScheduled,https://img.evbuc.com/https%3A%2F%2Fcdn.evbuc.com%2Fimages%2F1179444984%2F2000582992813%2F1%2Foriginal.20260310-004940?crop=focalpoint&fit=crop&w=940&auto=format%2Ccompress&q=75&sharp=10&fp-x=0.08&fp-y=0.507&s=1dbe1661dfb9a91acdcf218df0a3b0e9,2026-08-21T13:00:00+07:00,2026-08-21T21:00:00+07:00,Sheraton Saigon Grand Opera Hotel,"88 Đường Đồng Khởi, Sài Gòn, Thành phố Hồ Chí Minh 71000, Sài Gòn, Thành phố Hồ Chí Minh, VN",Hubexo,,"Business, Other, Networking",0.0,https://www.eventbrite.sg/e/build-better-hcmc-2026-tickets-1984840234572,data_eventbrite\images\1984840234572_Build_Better_HCMC_2026.jpg
1975843728781,Business Model Innovation,EventScheduled,https://img.evbuc.com/https%3A%2F%2Fcdn.evbuc.com%2Fimages%2F1170850981%2F220572363630%2F1%2Foriginal.jpg?w=940&auto=format%2Ccompress&q=75&sharp=10&rect=0%2C113%2C156%2C78&s=00bfa43de6cc072c37e0e9f6d32c5c6f,2026-07-06T09:00:00+07:00,2026-07-08T17:00:00+07:00,Pullman Saigon Centre,"148 Đường Trần Hưng Đạo, ho chi minh, Thành phố Hồ Chí Minh 070000, ho chi minh, Thành phố Hồ Chí Minh, VN",Riverstone Training Pte Ltd,"Riverstone Training is a leading provider of financial training programs to professionals from diverse backgrounds in the financial industry. As a specialized training company, Riverstone aims to bridge the gap between technical skills required by companies and the available talent by offering practical and work-oriented training courses in the field of finance.","Business, Finance, Class",2773.63,https://www.eventbrite.sg/e/business-model-innovation-tickets-1975843728781,data_eventbrite\images\1975843728781_Business_Model_Innovation.jpg
1991332469020,DAYLIGHT DISCO: 90s & 00s Edition (The Grand Finale!),EventScheduled,https://img.evbuc.com/https%3A%2F%2Fcdn.evbuc.com%2Fimages%2F1186369054%2F2985818851856%2F1%2Foriginal.20260608-013248?crop=focalpoint&fit=crop&w=940&auto=format%2Ccompress&q=75&sharp=10&fp-x=0.5&fp-y=0.5&s=13d196746dc464c8f134bd7fc03b35ff,2026-06-20T20:00:00+07:00,2026-06-21T03:00:00+07:00,Luu Bar,"108 Phạm Viết Chánh, Ho Chi Minh City, Thành phố Hồ Chí Minh 700000, Ho Chi Minh City, Thành phố Hồ Chí Minh, VN",Luu Bar,"Luu Bar is an underground DJ bar in Binh Thanh, Ho Chi Minh City, hosting late-night electronic music events with local and international artists.V﻿isit our website : https://luubar.com/","Music, DJ/Dance, Party",0.0,https://www.eventbrite.sg/e/daylight-disco-90s-00s-edition-the-grand-finale-tickets-1991332469020,data_eventbrite\images\1991332469020_DAYLIGHT_DISCO_90s_00s_Edition_The_Grand_Finale.jpg
1990487056368,Advanced Techniques: Boosting Your IVF Success,EventScheduled,https://img.evbuc.com/https%3A%2F%2Fcdn.evbuc.com%2Fimages%2F1186053985%2F2992504929056%2F1%2Foriginal.20260603-125840?crop=focalpoint&fit=crop&w=940&auto=format%2Ccompress&q=75&sharp=10&fp-x=0.5&fp-y=0.5&s=254b81de54fb2218c9b381c798826618,2026-06-17T19:00:00+01:00,2026-06-17T20:00:00+01:00,Online,,London Women's Clinic,,"Health, Medical, Seminar",0.0,https://www.eventbrite.co.uk/e/advanced-techniques-boosting-your-ivf-success-tickets-1990487056368,data_eventbrite\images\1990487056368_Advanced_Techniques_Boosting_Your_IVF_Success.jpg
1991790074731,AI Side Income Secrets: How to Build a Profitable AI Business in One Day,EventScheduled,https://img.evbuc.com/https%3A%2F%2Fcdn.evbuc.com%2Fimages%2F1107610963%2F232619558787%2F1%2Foriginal.20250828-135232?w=940&auto=format%2Ccompress&q=75&sharp=10&rect=0%2C0%2C2160%2C1080&s=6a99dcf07612be5e3d98dfa0677d8245,2026-06-18T10:00:00+01:00,2026-06-18T11:30:00+01:00,Online,,Paul Chuter,,"Business, Other, Class",0.0,https://www.eventbrite.co.uk/e/ai-side-income-secrets-how-to-build-a-profitable-ai-business-in-one-day-tickets-1991790074731,data_eventbrite\images\1991790074731_AI_Side_Income_Secrets_How_to_Build_a_Profitable_AI_Business_in_One_Day.jpg
1987135395460,Cyllid i Lawryddion/Finance for Freelancers,EventScheduled,https://img.evbuc.com/https%3A%2F%2Fcdn.evbuc.com%2Fimages%2F1170193337%2F1244366012%2F1%2Foriginal.20251105-105411?w=940&auto=format%2Ccompress&q=75&sharp=10&rect=0%2C49%2C800%2C400&s=3867690466c3a9b78b02aa1d0ac9e176,2026-06-25T10:00:00+01:00,2026-06-25T16:30:00+01:00,Online,,"CULT Cymru (Bectu, Equity, MU, WGGB)",,"Film & Media, TV, Class",15.0,https://www.eventbrite.co.uk/e/cyllid-i-lawryddionfinance-for-freelancers-tickets-1987135395460,data_eventbrite\images\1987135395460_Cyllid_i_LawryddionFinance_for_Freelancers.jpg
1987607478473,How I Use A.I & ChatGPT to Build a Digital Income,EventScheduled,https://img.evbuc.com/https%3A%2F%2Fcdn.evbuc.com%2Fimages%2F1182317159%2F15616446237%2F1%2Foriginal.20260416-124405?crop=focalpoint&fit=crop&w=940&auto=format%2Ccompress&q=75&sharp=10&fp-x=0.5&fp-y=0.5&s=5e0acb27d308bbcc7df3f02b183e0508,2026-06-17T20:00:00+01:00,2026-06-17T21:00:00+01:00,Online,,Larry Dunlop,,"Business, Sales & Marketing, Class",0.0,https://www.eventbrite.co.uk/e/how-i-use-ai-chatgpt-to-build-a-digital-income-tickets-1987607478473,data_eventbrite\images\1987607478473_How_I_Use_AI_ChatGPT_to_Build_a_Digital_Income.jpg
1988350578104,HOW I USE A.I & CHATGPT TO BUILD A DIGITAL INCOME,EventScheduled,https://img.evbuc.com/https%3A%2F%2Fcdn.evbuc.com%2Fimages%2F1183156674%2F167535075374%2F1%2Foriginal.20260427-192327?crop=focalpoint&fit=crop&w=940&auto=format%2Ccompress&q=75&sharp=10&fp-x=0.5&fp-y=0.5&s=45b37f29ad753fa63631995d63e13c32,2026-05-20T20:00:00+01:00,2027-02-17T21:00:00Z,Online,,Willowbank Publishing,,"Business, Startups & Small Business, Class",0.0,https://www.eventbrite.co.uk/e/how-i-use-ai-chatgpt-to-build-a-digital-income-tickets-1988350578104,data_eventbrite\images\1988350578104_HOW_I_USE_AI_CHATGPT_TO_BUILD_A_DIGITAL_INCOME.jpg
1982176361857,How I Use A.I & ChatGPT to Create a Digital Income,EventScheduled,https://img.evbuc.com/https%3A%2F%2Fcdn.evbuc.com%2Fimages%2F1083428863%2F2496227228721%2F1%2Foriginal.20250729-100839?crop=focalpoint&fit=crop&w=940&auto=format%2Ccompress&q=75&sharp=10&fp-x=0.5&fp-y=0.5&s=57170d4d5895bda42b6fcbbbe7a87a80,2026-06-17T20:00:00+01:00,2026-06-17T21:00:00+01:00,Online,,Passive Digital Income Club,,"Business, Startups & Small Business, Seminar",0.0,https://www.eventbrite.co.uk/e/how-i-use-ai-chatgpt-to-create-a-digital-income-tickets-1982176361857,data_eventbrite\images\1982176361857_How_I_Use_AI_ChatGPT_to_Create_a_Digital_Income.jpg
1991791025575,How Smart People Are Earning from Home with A.I. & Zero Tech Skills,EventScheduled,https://img.evbuc.com/https%3A%2F%2Fcdn.evbuc.com%2Fimages%2F1174411104%2F232619558787%2F1%2Foriginal.20260109-143358?crop=focalpoint&fit=crop&w=940&auto=format%2Ccompress&q=75&sharp=10&fp-x=0.5&fp-y=0.5&s=1615c38a267364906d346dc967913860,2026-06-24T00:00:00+01:00,2026-06-24T01:30:00+01:00,Online,,Paul Chuter,,"Business, Other, Class",0.0,https://www.eventbrite.co.uk/e/how-smart-people-are-earning-from-home-with-ai-zero-tech-skills-tickets-1991791025575,data_eventbrite\images\1991791025575_How_Smart_People_Are_Earning_from_Home_with_AI_Zero_Tech_Skills.jpg
1991790455871,"How To Make £5,000+ Online Using A.I & WiFi",EventScheduled,https://img.evbuc.com/https%3A%2F%2Fcdn.evbuc.com%2Fimages%2F1174409410%2F232619558787%2F1%2Foriginal.20260109-141115?crop=focalpoint&fit=crop&w=940&auto=format%2Ccompress&q=75&sharp=10&fp-x=0.5&fp-y=0.5&s=699450691b8b5df3024f3d7107db86d4,2026-06-22T20:00:00+01:00,2026-06-22T21:30:00+01:00,Online,,Paul Chuter,,"Business, Other, Class",0.0,https://www.eventbrite.co.uk/e/how-to-make-5000-online-using-ai-wifi-tickets-1991790455871,data_eventbrite\images\1991790455871_How_To_Make_5000_Online_Using_AI_WiFi.jpg
1980617784109,I Can’t Save the World by Myself,EventScheduled,https://img.evbuc.com/https%3A%2F%2Fcdn.evbuc.com%2Fimages%2F1177145415%2F1541078430083%2F1%2Foriginal.20260210-065635?crop=focalpoint&fit=crop&w=940&auto=format%2Ccompress&q=75&sharp=10&fp-x=0.5&fp-y=0.5&s=53df36c9e69c43b47f6993e9b8f3a119,2026-07-09T18:00:00+01:00,2026-07-09T20:00:00+01:00,Online,,onlinevents.co.uk,"Sandra and John are a sibling team who are proud to be serving the helping professions for more than 10 years with online interactive learning.The workshop programmeis being offered alongside theOnlinevents CPD Librarywhich we believe is the world’s largest online library of video and audio learning, with instant certification for the helping professions including counsellors, coaches, teachers, supervisors and nurses.100% Learning GuaranteeOur number one priority at onlinevents is your learning. Which means we stand by our learning experiences 100%, no matter what, no holds barred, no ifs, no buts.","Health, Mental health, Class",0.0,https://www.eventbrite.co.uk/e/i-cant-save-the-world-by-myself-tickets-1980617784109,data_eventbrite\images\1980617784109_I_Cant_Save_the_World_by_Myself.jpg
1987606902751,Passive A.I Income: 7 Ways To Make Money With A.I,EventScheduled,https://img.evbuc.com/https%3A%2F%2Fcdn.evbuc.com%2Fimages%2F1182316620%2F15616446237%2F1%2Foriginal.20260416-123557?crop=focalpoint&fit=crop&w=940&auto=format%2Ccompress&q=75&sharp=10&fp-x=0.5&fp-y=0.5&s=7eb2d77320b5136e293d3c17355d8318,2026-06-25T20:00:00+01:00,2026-06-25T21:00:00+01:00,Online,,Larry Dunlop,,"Business, Sales & Marketing, Class",0.0,https://www.eventbrite.co.uk/e/passive-ai-income-7-ways-to-make-money-with-ai-tickets-1987606902751,data_eventbrite\images\1987606902751_Passive_AI_Income_7_Ways_To_Make_Money_With_AI.jpg
1987910778652,Passive A.I Income: 7 Ways To Make Money With A.I,EventScheduled,https://img.evbuc.com/https%3A%2F%2Fcdn.evbuc.com%2Fimages%2F1182662023%2F393056214629%2F1%2Foriginal.20260421-120214?crop=focalpoint&fit=crop&w=940&auto=format%2Ccompress&q=75&sharp=10&fp-x=0.5&fp-y=0.5&s=3deeb51a16e338db3caf0596d0448fd5,2026-06-25T20:00:00+01:00,2026-06-25T21:00:00+01:00,Online,,,,"Business, Investment, Seminar",0.0,https://www.eventbrite.co.uk/e/passive-ai-income-7-ways-to-make-money-with-ai-tickets-1987910778652,data_eventbrite\images\1987910778652_Passive_AI_Income_7_Ways_To_Make_Money_With_AI.jpg
1991766991689,What's Next For Me?,EventScheduled,https://img.evbuc.com/https%3A%2F%2Fcdn.evbuc.com%2Fimages%2F1186752673%2F422070289345%2F1%2Foriginal.20260612-111353?crop=focalpoint&fit=crop&w=940&auto=format%2Ccompress&q=75&sharp=10&fp-x=0.497&fp-y=0.185&s=79c542d6c201a6605cd066950a06ea39,2026-06-25T18:00:00+01:00,2026-06-25T19:30:00+01:00,Online,,Zena's Coaching,"Join my events for a friendly, fun and informative sessions with a difference.  All events are about your growth.","Business, Career, Seminar",0.0,https://www.eventbrite.co.uk/e/whats-next-for-me-tickets-1991766991689,data_eventbrite\images\1991766991689_Whats_Next_For_Me.jpg
1989073633783,2026 Summer Solstice - I Will Activate What Feels Impossible,EventScheduled,https://img.evbuc.com/https%3A%2F%2Fcdn.evbuc.com%2Fimages%2F1184141216%2F130723266955%2F1%2Foriginal.20260508-174236?crop=focalpoint&fit=crop&w=940&auto=format%2Ccompress&q=75&sharp=10&fp-x=0.015&fp-y=0.048&s=b0342c060111165c9891c53f4009b2be,2026-06-20T18:00:00-07:00,2026-06-20T21:00:00-07:00,Online,,"Law of Attraction Solutions, LLC","Law of Attraction Solutions LLC specializes in business, life, health and abundance coaching. Our teachings of the Law of Attraction are timeless. They are based on the ancient teachings of Hermes Trimegestus along with Qabalah, Esoteric Order of the Golden Dawn, Hermetics, Alchemy, as well as, other important tools and modern techniques based on quantum energy knowledge, magic, Neuro -Linguistic Alchemy (An advanced form of N.L.P.) and Intuitive Trance Alchemy.","Spirituality, New Age, Class",180.04,https://www.eventbrite.com/e/2026-summer-solstice-i-will-activate-what-feels-impossible-tickets-1989073633783,data_eventbrite\images\1989073633783_2026_Summer_Solstice_-_I_Will_Activate_What_Feels_Impossible.jpg
1989841174518,A.I. for Everyday Income: How to Use A.I. to Make & Save Money,EventScheduled,https://img.evbuc.com/https%3A%2F%2Fcdn.evbuc.com%2Fimages%2F1184862609%2F205049147467%2F1%2Foriginal.png?w=940&auto=format%2Ccompress&q=75&sharp=10&rect=0%2C0%2C940%2C470&s=f0578dcaba9c4ca7ce63832a4896a65d,2026-06-24T19:30:00-07:00,2026-06-24T21:00:00-07:00,Online,,Divine Tribe,,"Business, Finance, Class",0.0,https://www.eventbrite.com/e/ai-for-everyday-income-how-to-use-ai-to-make-save-money-tickets-1989841174518,data_eventbrite\images\1989841174518_AI_for_Everyday_Income_How_to_Use_AI_to_Make_Save_Money.png
1990109507108,Create Your Online Course in 2026! For Yoga & Holistic Health Professionals,EventScheduled,https://img.evbuc.com/https%3A%2F%2Fcdn.evbuc.com%2Fimages%2F1185151966%2F473455195329%2F1%2Foriginal.20260521-172517?crop=focalpoint&fit=crop&w=940&auto=format%2Ccompress&q=75&sharp=10&fp-x=0.019&fp-y=0.031&s=6dbdef955c4a54f9a27841601713fc07,2026-06-17T13:00:00-04:00,2026-06-17T14:00:00-04:00,Online,,Get a Bigger Boat,Get a Bigger Boat helps its teachers create effective step by step training systems to take students from rote beginner up to an advanced trainer.,"Business, Startups & Small Business, Class",0.0,https://www.eventbrite.com/e/create-your-online-course-in-2026-for-yoga-holistic-health-professionals-tickets-1990109507108,data_eventbrite\images\1990109507108_Create_Your_Online_Course_in_2026_For_Yoga_Holistic_Health_Professionals.jpg
1987391157451,How I Use A.I & ChatGPT to Build a Digital Income,EventScheduled,https://img.evbuc.com/https%3A%2F%2Fcdn.evbuc.com%2Fimages%2F1182123848%2F2998561476178%2F1%2Foriginal.20260414-120124?w=940&auto=format%2Ccompress&q=75&sharp=10&s=dbe0d7ff7f395da58b32be194ce61192,2026-06-17T20:00:00+01:00,2026-06-17T21:00:00+01:00,Online,,,,"Business, Sales & Marketing, Class",0.0,https://www.eventbrite.com/e/how-i-use-ai-chatgpt-to-build-a-digital-income-tickets-1987391157451,data_eventbrite\images\1987391157451_How_I_Use_AI_ChatGPT_to_Build_a_Digital_Income.jpg
1987391366075,How I Use A.I & ChatGPT to Build a Digital Income,EventScheduled,https://img.evbuc.com/https%3A%2F%2Fcdn.evbuc.com%2Fimages%2F1182123848%2F2998561476178%2F1%2Foriginal.20260414-120124?w=940&auto=format%2Ccompress&q=75&sharp=10&s=dbe0d7ff7f395da58b32be194ce61192,2026-07-15T20:00:00+01:00,2026-07-15T21:00:00+01:00,Online,,,,"Business, Sales & Marketing, Class",0.0,https://www.eventbrite.com/e/how-i-use-ai-chatgpt-to-build-a-digital-income-tickets-1987391366075,data_eventbrite\images\1987391366075_How_I_Use_AI_ChatGPT_to_Build_a_Digital_Income.jpg
1988945372149,Lead to Loyalty: The A.I. Growth Bundle for Agents | Join via Zoom,EventScheduled,https://img.evbuc.com/https%3A%2F%2Fcdn.evbuc.com%2Fimages%2F1183961028%2F5633421834%2F1%2Foriginal.20260506-210724?crop=focalpoint&fit=crop&w=940&auto=format%2Ccompress&q=75&sharp=10&fp-x=0.116&fp-y=0.363&s=882038511c2a30940a555a2030feaa1d,2026-06-18T11:00:00-05:00,2026-06-18T13:00:00-05:00,Online,,Michael Tritthart CEO of MTritt INC.,"Michael Tritthart - McKinney, TX - Certified ONE Thing TrainerMichael has been delivering high energy, applicable training to your business and personal lives since 1993. Training with a ""Tell, Show, Do"" approach, his workshops have been embraced by thousands across the US and Canada. With a passion to empower his attendees, many have used the techniques learned to build successful careers and lives. Michael obtained his Master of Education Degree from UNT in 2000 and was a member of the KWU Master Faculty from 2008-2018. He has trained/consulted the whole spectrum, from College and Super Bowl Champions to Multi-Millionaire Business Leaders. He is excited about sharing how the ONE Thing has changed his life and the opportunity to do the same for many more people. Michael has been married for over 20 years to his beautiful bride, Shantel, and has two kids that impress him every day.","Business, Real Estate, Class",28.52,https://www.eventbrite.com/e/lead-to-loyalty-the-ai-growth-bundle-for-agents-join-via-zoom-tickets-1988945372149,data_eventbrite\images\1988945372149_Lead_to_Loyalty_The_AI_Growth_Bundle_for_Agents_Join_via_Zoom.jpg
1991601775523,Make Money with Your Voice: A Live Online Intro to Voice Over!,EventScheduled,https://img.evbuc.com/https%3A%2F%2Fcdn.evbuc.com%2Fimages%2F1185044478%2F220194617790%2F1%2Foriginal.20260520-150522?w=940&auto=format%2Ccompress&q=75&sharp=10&s=763e58bc81aff02ff09fd41ce05dc516,2026-06-17T19:30:00-04:00,2026-06-17T21:00:00-04:00,Online,,Creative Voice Development Group,,"Business, Career, Class",44.52,https://www.eventbrite.com/e/make-money-with-your-voice-a-live-online-intro-to-voice-over-tickets-1991601775523,data_eventbrite\images\1991601775523_Make_Money_with_Your_Voice_A_Live_Online_Intro_to_Voice_Over.jpg
1990044144607,No BS AI For Everyone,EventScheduled,https://img.evbuc.com/https%3A%2F%2Fcdn.evbuc.com%2Fimages%2F1185082374%2F3002761288504%2F1%2Foriginal.png?w=940&auto=format%2Ccompress&q=75&sharp=10&rect=0%2C0%2C940%2C470&s=6c92ea86d67118209f41b54f23e910a1,2026-06-27T12:00:00-04:00,2026-06-27T14:00:00-04:00,Online,,Jody Wheeler,,"Science & Tech, High Tech, Seminar",188.58,https://www.eventbrite.com/e/no-bs-ai-for-everyone-tickets-1990044144607,data_eventbrite\images\1990044144607_No_BS_AI_For_Everyone.png
1987394044085,Passive A.I Income: 7 Ways To Make Money With A.I,EventScheduled,https://img.evbuc.com/https%3A%2F%2Fcdn.evbuc.com%2Fimages%2F1182127489%2F2998561476178%2F1%2Foriginal.20260414-125913?crop=focalpoint&fit=crop&w=940&auto=format%2Ccompress&q=75&sharp=10&fp-x=0.5&fp-y=0.5&s=41aecffc87fda74b26ed4c27392fb675,2026-06-25T20:00:00+01:00,2026-06-25T21:00:00+01:00,Online,,,,"Business, Sales & Marketing, Class",0.0,https://www.eventbrite.com/e/passive-ai-income-7-ways-to-make-money-with-ai-tickets-1987394044085,data_eventbrite\images\1987394044085_Passive_AI_Income_7_Ways_To_Make_Money_With_AI.jpg
1991290628875,Simplified A.I. Marketing,EventScheduled,https://img.evbuc.com/https%3A%2F%2Fcdn.evbuc.com%2Fimages%2F1186320666%2F16497637699%2F1%2Foriginal.20260606-215338?w=940&auto=format%2Ccompress&q=75&sharp=10&s=bb8e833b46cebecdd27621e894b07278,2026-07-16T08:00:00-07:00,2026-07-18T17:00:00-07:00,Online,,Leaders Business School,,"Business, Other, Class",0.0,https://www.eventbrite.com/e/simplified-ai-marketing-tickets-1991290628875,data_eventbrite\images\1991290628875_Simplified_AI_Marketing.jpg
1988692182853,Spellbound: The Night You Wake Up,EventScheduled,https://img.evbuc.com/https%3A%2F%2Fcdn.evbuc.com%2Fimages%2F1183719196%2F444389549122%2F1%2Foriginal.20260504-163227?crop=focalpoint&fit=crop&w=940&auto=format%2Ccompress&q=75&sharp=10&fp-x=0.5&fp-y=0.5&s=9f919e843f0d18d27dda5e7e0f0848e2,2026-06-17T17:30:00-06:00,2026-06-17T19:00:00-06:00,Online,,Forest Medicine Coaching,,"Health, Mental health, Seminar",13.58,https://www.eventbrite.com/e/spellbound-the-night-you-wake-up-tickets-1988692182853,data_eventbrite\images\1988692182853_Spellbound_The_Night_You_Wake_Up.jpg
1991505988020,The Marketing Agency Playbook for AI Search,EventScheduled,https://img.evbuc.com/https%3A%2F%2Fcdn.evbuc.com%2Fimages%2F1186536899%2F2865352967461%2F1%2Foriginal.20260609-203724?w=940&auto=format%2Ccompress&q=75&sharp=10&s=d9e1af7b23fbddb279c901aa9a0f4028,2026-06-18T10:00:00-04:00,2026-06-18T12:00:00-04:00,Online,,Carrot.com,,"Business, Sales & Marketing, Seminar",0.0,https://www.eventbrite.com/e/the-marketing-agency-playbook-for-ai-search-tickets-1991505988020,data_eventbrite\images\1991505988020_The_Marketing_Agency_Playbook_for_AI_Search.jpg
1989804322292,WHO I AM,EventScheduled,https://img.evbuc.com/https%3A%2F%2Fcdn.evbuc.com%2Fimages%2F1187078507%2F3002447199162%2F1%2Foriginal.20260617-010140?crop=focalpoint&fit=crop&w=940&auto=format%2Ccompress&q=75&sharp=10&fp-x=0.5&fp-y=0.5&s=8212b4056d9c133c66609b19cfc1b312,2026-07-25T12:00:00-07:00,2026-07-25T14:00:00-07:00,Online,,Black Girls Only,,"Community, Other, Conference",0.0,https://www.eventbrite.com/e/who-i-am-tickets-1989804322292,data_eventbrite\images\1989804322292_WHO_I_AM.jpg
1991572306380,Workshop: Write Your Resume with AI,EventScheduled,https://img.evbuc.com/https%3A%2F%2Fcdn.evbuc.com%2Fimages%2F1186599243%2F489629087563%2F1%2Foriginal.20260610-151925?crop=focalpoint&fit=crop&w=940&auto=format%2Ccompress&q=75&sharp=10&fp-x=0.686&fp-y=0.384&s=9bf1ecb618ae9d732b578b5969a38d8b,2026-06-23T10:00:00-05:00,2026-06-23T12:00:00-05:00,Online,,Tahirah Blanding,,"Business, Career, Class",9.31,https://www.eventbrite.com/e/workshop-write-your-resume-with-ai-tickets-1991572306380,data_eventbrite\images\1991572306380_Workshop_Write_Your_Resume_with_AI.jpg
1988503350049,Buying a Car in Ontario (ages 18+),EventScheduled,https://img.evbuc.com/https%3A%2F%2Fcdn.evbuc.com%2Fimages%2F1183360468%2F124938954227%2F1%2Foriginal.20260429-182617?crop=focalpoint&fit=crop&w=940&auto=format%2Ccompress&q=75&sharp=10&fp-x=0.5&fp-y=0.5&s=ce0c090a42f8c158f658e202f9ed7bd2,2026-07-15T13:00:00-04:00,2026-07-15T14:00:00-04:00,Online,,Aurora Public Library,,"Auto, Boat & Air, Auto, Class",0.0,https://www.eventbrite.ca/e/buying-a-car-in-ontario-ages-18-tickets-1988503350049,data_eventbrite\images\1988503350049_Buying_a_Car_in_Ontario_ages_18.jpg
1991475654291,BEYOND MATERNITY LEAVE:  The Transition to Motherhood and Back Again,EventScheduled,https://img.evbuc.com/https%3A%2F%2Fcdn.evbuc.com%2Fimages%2F1186499455%2F2996283799270%2F1%2Foriginal.20260609-143811?crop=focalpoint&fit=crop&w=940&auto=format%2Ccompress&q=75&sharp=10&fp-x=0.5&fp-y=0.5&s=3e9dfcfe8432aed925638927819895e3,2026-07-14T20:00:00+01:00,2026-07-14T20:30:00+01:00,Online,,Onika Miller,,"Family & Education, Seminar",5.0,https://www.eventbrite.co.uk/e/beyond-maternity-leave-the-transition-to-motherhood-and-back-again-tickets-1991475654291,data_eventbrite\images\1991475654291_BEYOND_MATERNITY_LEAVE_The_Transition_to_Motherhood_and_Back_Again.jpg
1980634994586,Conversion ticket,EventScheduled,https://img.evbuc.com/https%3A%2F%2Fcdn.evbuc.com%2Fimages%2F1064186693%2F230815567630%2F1%2Foriginal.20250701-131720?w=940&auto=format%2Ccompress&q=75&sharp=10&rect=0%2C65%2C784%2C392&s=879276123094bb40fb892f7e2f96c627,2026-12-31T10:00:00Z,2026-12-31T12:00:00Z,Online,,The Species Recovery Trust,A charity devoted to saving some of the UK's most endangered species,,38.62,https://www.eventbrite.co.uk/e/conversion-ticket-tickets-1980634994586,data_eventbrite\images\1980634994586_Conversion_ticket.jpg
1991056739305,How to purchase your first Buy-To-Let property (England),EventScheduled,https://img.evbuc.com/https%3A%2F%2Fcdn.evbuc.com%2Fimages%2F1186148666%2F117840401771%2F1%2Foriginal.20260604-123417?crop=focalpoint&fit=crop&w=940&auto=format%2Ccompress&q=75&sharp=10&fp-x=0.5&fp-y=0.5&s=ce1dc1ab964458f4085feda7af7a1092,2026-07-16T18:00:00+01:00,2026-07-16T20:00:00+01:00,Online,,Property Solutions,"We provide a practical and straight forward Solution Focused Success System with key tools & techniques built around your organisational core. We have worked with over 100 organisations, over 1000 business leaders and over 10,000 individuals. We consistently deliver strong return on investment by developing our thinking into tangible results!","Business, Real Estate, Class",30.0,https://www.eventbrite.co.uk/e/how-to-purchase-your-first-buy-to-let-property-england-tickets-1991056739305,data_eventbrite\images\1991056739305_How_to_purchase_your_first_Buy-To-Let_property_England.jpg
1991877555388,LONDON DRAWING - LIFE DRAWING ONLINE - SPOTLIGHT 1: FRANKIE,EventScheduled,https://img.evbuc.com/https%3A%2F%2Fcdn.evbuc.com%2Fimages%2F1186887447%2F162920809037%2F1%2Foriginal.20260614-213404?crop=focalpoint&fit=crop&w=940&auto=format%2Ccompress&q=75&sharp=10&fp-x=0.5&fp-y=0.5&s=93952e327e315915b9a7017f26feab42,2026-07-13T19:00:00+01:00,2026-07-13T21:00:00+01:00,Online,,London Drawing,Website: https://londondrawing.com/organiser/london-drawing/,"Hobbies, Drawing & Painting, Class",0.0,https://www.eventbrite.co.uk/e/london-drawing-life-drawing-online-spotlight-1-frankie-tickets-1991877555388,data_eventbrite\images\1991877555388_LONDON_DRAWING_-_LIFE_DRAWING_ONLINE_-_SPOTLIGHT_1_FRANKIE.jpg
1990688503903,3 Secrets to WHY people BUY,EventScheduled,https://img.evbuc.com/https%3A%2F%2Fcdn.evbuc.com%2Fimages%2F1185759256%2F2996382864909%2F1%2Foriginal.20260530-122353?crop=focalpoint&fit=crop&w=940&auto=format%2Ccompress&q=75&sharp=10&fp-x=0.5&fp-y=0.5&s=a7d75099e264ec0ee5cf91fbe5b41fd1,2026-06-20T12:00:00-04:00,2026-06-20T13:30:00-04:00,Online,,Jana du Toit - Faith-based Scale Strategist,,"Business, Sales & Marketing, Class",0.0,https://www.eventbrite.com/e/3-secrets-to-why-people-buy-tickets-1990688503903,data_eventbrite\images\1990688503903_3_Secrets_to_WHY_people_BUY.jpg
1991713318150,A Free Tool To Help You Buy & Sell Homes In The USA,EventScheduled,https://img.evbuc.com/https%3A%2F%2Fcdn.evbuc.com%2Fimages%2F1186690305%2F386981289757%2F1%2Foriginal.20260611-160507?crop=focalpoint&fit=crop&w=940&auto=format%2Ccompress&q=75&sharp=10&fp-x=0.5&fp-y=0.5&s=f604a8f93614f4ebdc063c442d8f5303,2026-06-12T00:00:00-07:00,2026-06-17T23:59:00-07:00,Online,,Esther Aikharialea,A﻿ licensed real estate agent since 2020.#﻿405053,"Business, Real Estate, Class",,https://www.eventbrite.com/e/a-free-tool-to-help-you-buy-sell-homes-in-the-usa-tickets-1991713318150,data_eventbrite\images\1991713318150_A_Free_Tool_To_Help_You_Buy_Sell_Homes_In_The_USA.jpg
1990063313943,First-Time Buyer Blueprint: How to Buy in LA,EventScheduled,,2026-06-18T18:00:00-07:00,2026-06-18T19:00:00-07:00,Online,,Justin Borges,"The Borges Real Estate Team, led by Justin Borges, is Los Angeles County's premier probate and buyer real estate specialists. 13+ years of experience, $200M+ in career sales, serving the SGV and greater LA market.",,0.0,https://www.eventbrite.com/e/first-time-buyer-blueprint-how-to-buy-in-la-tickets-1990063313943,
1991394453417,Food as Medicine: For Self-Healing,EventScheduled,https://img.evbuc.com/https%3A%2F%2Fcdn.evbuc.com%2Fimages%2F1185329130%2F1874986035583%2F1%2Foriginal.20260524-210151?crop=focalpoint&fit=crop&w=940&auto=format%2Ccompress&q=75&sharp=10&fp-x=0.276&fp-y=0.033&s=f68eb19bfef6a3f19270a32ce6ccaccd,2026-06-17T11:00:00-07:00,2026-06-17T12:30:00-07:00,Online,,Cynthia Blancaflor,,"Health, Personal health, Class",0.0,https://www.eventbrite.com/e/food-as-medicine-for-self-healing-tickets-1991394453417,data_eventbrite\images\1991394453417_Food_as_Medicine_For_Self-Healing.jpg
1991215263455,High Ticket Sales Academy (Virtual Training Program),EventScheduled,https://img.evbuc.com/https%3A%2F%2Fcdn.evbuc.com%2Fimages%2F1186263707%2F138864652499%2F1%2Foriginal.20260605-182600?crop=focalpoint&fit=crop&w=940&auto=format%2Ccompress&q=75&sharp=10&fp-x=0.392&fp-y=0.492&s=22a95b15e50176cdcf2ae87a07c5adec,2026-12-31T00:00:00-08:00,2026-12-31T23:00:00-08:00,Online,,Hirestudents,"A﻿ll 100% Online Networking, Interviews, Job Placement, Resume Support, Cover Letter Revisions, and Membership Services.  Try it before you buy it!","Business, Sales & Marketing, Class",0.0,https://www.eventbrite.com/e/high-ticket-sales-academy-virtual-training-program-tickets-1991215263455,data_eventbrite\images\1991215263455_High_Ticket_Sales_Academy_Virtual_Training_Program.jpg
1991387844650,Home Buying Webinar: Home Buying Guide to Homeownership,EventScheduled,https://img.evbuc.com/https%3A%2F%2Fcdn.evbuc.com%2Fimages%2F1186416853%2F1334032936333%2F1%2Foriginal.20260608-162914?crop=focalpoint&fit=crop&w=940&auto=format%2Ccompress&q=75&sharp=10&fp-x=0.479&fp-y=0.031&s=a64b30402306e3cc36da064dbd75ac6d,2026-06-28T10:00:00-07:00,2026-06-28T11:00:00-07:00,Online,,David Sanchez,"Hosted by David Sanchez, a Long Beach-based community builder and real estate agent with Living CA Realty. From paddleboarding and hiking to beach cleanups, happy hours, and more, David creates fun, welcoming events that connect people across LA and OC.Let’s build a community together!Learn more atwww.YourRealtorDavid.com","Home & Lifestyle, Other, Class",0.0,https://www.eventbrite.com/e/home-buying-webinar-home-buying-guide-to-homeownership-tickets-1991387844650,data_eventbrite\images\1991387844650_Home_Buying_Webinar_Home_Buying_Guide_to_Homeownership.jpg
1990572417686,How to Buy a Home in today's market,EventScheduled,https://img.evbuc.com/https%3A%2F%2Fcdn.evbuc.com%2Fimages%2F1185621067%2F1024794927603%2F1%2Foriginal.20260528-151243?crop=focalpoint&fit=crop&w=940&auto=format%2Ccompress&q=75&sharp=10&fp-x=0.501&fp-y=0.027&s=ca1862250898c878424abedf77e7675a,2026-06-17T18:30:00-05:00,2026-06-17T19:30:00-05:00,Online,,Shelly Phillips,,"Business, Real Estate, Class",0.0,https://www.eventbrite.com/e/how-to-buy-a-home-in-todays-market-tickets-1990572417686,data_eventbrite\images\1990572417686_How_to_Buy_a_Home_in_todays_market.jpg
1990796501928,How to buy a home & where to buy from(30 minute webinar),EventScheduled,https://img.evbuc.com/https%3A%2F%2Fcdn.evbuc.com%2Fimages%2F1185876383%2F3003946235474%2F1%2Foriginal.png?w=940&auto=format%2Ccompress&q=75&sharp=10&rect=0%2C0%2C940%2C470&s=e28b9e130d5f098bf016ddc7b19eccfc,2026-06-20T10:00:00-04:00,2026-06-20T10:30:00-04:00,Online,,Tomell One,,"Business, Real Estate, Class",0.0,https://www.eventbrite.com/e/how-to-buy-a-home-where-to-buy-from30-minute-webinar-tickets-1990796501928,data_eventbrite\images\1990796501928_How_to_buy_a_home_where_to_buy_from30_minute_webinar.png
1985612600740,Lock In Your Ticket For The Fall 2026 Conference -- At NO Price Increase,EventScheduled,https://img.evbuc.com/https%3A%2F%2Fcdn.evbuc.com%2Fimages%2F1180359378%2F1981285479223%2F1%2Foriginal.20260321-011827?crop=focalpoint&fit=crop&w=940&auto=format%2Ccompress&q=75&sharp=10&fp-x=0.499&fp-y=0.257&s=5d57aed5b55850e11772661a6eb6c458,2026-10-17T07:00:00-07:00,2026-10-17T17:30:00-07:00,Online,,Thoughtful Money,,"Business, Finance, Conference",320.89,https://www.eventbrite.com/e/lock-in-your-ticket-for-the-fall-2026-conference-at-no-price-increase-tickets-1985612600740,data_eventbrite\images\1985612600740_Lock_In_Your_Ticket_For_The_Fall_2026_Conference_--_At_NO_Price_Increase.jpg
1989628612740,MC Ticket,EventScheduled,,2026-06-23T10:00:00-07:00,2026-06-23T12:00:00-07:00,Online,,,,"Music, DJ/Dance, Performance",2.91,https://www.eventbrite.com/e/mc-ticket-tickets-1989628612740,
1989944242798,Prevent Diabetes and Lower A1C with the 3-Step Blueprint Evergreen Webinar,EventScheduled,https://img.evbuc.com/https%3A%2F%2Fcdn.evbuc.com%2Fimages%2F1150369923%2F525556360273%2F1%2Foriginal.20251010-205446?crop=focalpoint&fit=crop&w=940&auto=format%2Ccompress&q=75&sharp=10&fp-x=0.5&fp-y=0.5&s=2c474bf38f0172c3613753bdd35cc887,2026-06-17T07:00:00-04:00,2026-06-17T22:00:00-04:00,Online,,"Jenny Pena, NBC-HWC","Jenny Pena, NBC-HWC is a Certified Health Coach that specializes in Diabetes prevention and sustainable lifestyle changes. With a compassionate and personalized approach, Coach Jenny empowers clients to balance their blood sugar, lower A1C, and embrace a healthier life. Drawing on personal experience with prediabetes, she understands the challenges and opportunities of making impactful lifestyle shifts.","Health, Personal health, Class",0.0,https://www.eventbrite.com/e/prevent-diabetes-and-lower-a1c-with-the-3-step-blueprint-evergreen-webinar-registration-1989944242798,data_eventbrite\images\1989944242798_Prevent_Diabetes_and_Lower_A1C_with_the_3-Step_Blueprint_Evergreen_Webinar.jpg
1991793247220,Sponsorship Tickets - Toyota/Make-A-Wish Golf Scramble 2026,EventScheduled,https://img.evbuc.com/https%3A%2F%2Fcdn.evbuc.com%2Fimages%2F1183541667%2F274909297163%2F1%2Foriginal.20260501-181720?crop=focalpoint&fit=crop&w=940&auto=format%2Ccompress&q=75&sharp=10&fp-x=0.426&fp-y=0.447&s=999d2b4009f2bbc27d2f314e463dc92b,2026-07-25T15:00:00-11:00,2026-07-25T23:30:00-11:00,Online,,Shelley Bramlett,shelley.bramlett@tmhna.com or 317-525-9833,"Charity & Causes, Other, Tournament",108.55,https://www.eventbrite.com/e/sponsorship-tickets-toyotamake-a-wish-golf-scramble-2026-tickets-1991793247220,data_eventbrite\images\1991793247220_Sponsorship_Tickets_-_ToyotaMake-A-Wish_Golf_Scramble_2026.jpg
1991563737751,The Human Signal in the Age of AI,EventScheduled,https://img.evbuc.com/https%3A%2F%2Fcdn.evbuc.com%2Fimages%2F1186590292%2F2402371350543%2F1%2Foriginal.20260610-134052?crop=focalpoint&fit=crop&w=940&auto=format%2Ccompress&q=75&sharp=10&fp-x=0.5&fp-y=0.5&s=89bb6867b98775293e0b7d7f82e2f20f,2026-06-23T13:00:00-05:00,2026-06-23T14:00:00-05:00,Online,,Master of the Story with JD Wallace,"From Disney’s imagineering halls to Skyrim’s frost‑bitten peaks, JD has spent nearly twenty years as the clandestine force who supercharges other writers’ worlds—first sharpening stories in Mickey’s backyard, then answering a call from a Bethesda fraternity brother to help sculpt SKYRIM’s epic quest‑lines, part of a dev team that snagged 14 awards from 17 nominations its debut year. Hollywood quickly took notice: JD injected covert‑ops credibility into BURN NOTICE, COVERT AFFAIRS, and the twist‑loving BLACKLIST, earning a reputation for stitching bulletproof authenticity into high‑adrenaline plots. In 2021 he teamed with his creative powerhouse wife, Jennifer, and their original scripts have since racked up a dozen category wins and more than two dozen top placements—spanning three true‑story action‑adventure pilots, a fantasy‑magical‑realism series spun from Jennifer’s forthcoming trilogy, and a docudrama‑psychological thriller that unspools a 30‑year conspiracy with global financial stakes. Precision, imagination, and audience‑gripping depth: JD delivers all three, on deadline, every time.JD Wallace is the secret weapon Fortune 500 teams call when their words need to win. A 20‑year veteran of high‑stakes business writing, he evolved from drafting razor‑sharp psychological intel on Mideast terrorist pivots for the U.S. government to shaping blue‑sky concept docs for Disney Imagineers, then spent seven trailblazing years at Amazon—becoming the company’s most sought‑after Global Business Writing facilitator and electrifying 1.5 million Amazonians with his original, award‑winning content. Schooled one‑on‑one by Jeff Bezos during the birth of Amazon Smart Home, JD absorbed the Customer Obsession ethos and the legendary six‑pager culture at its source. Today he distills those battle‑tested formats and storytelling frameworks into precision coaching that helps individuals and organizations write clearer, think faster, and drive decisions like the world’s most influential innovators.Outside the boardroom, JD dove straight into the deep end of narrative mastery—workshopping plot twists with Stephen King, swapping story hacks with high‑school pal and New York Times Bestseller Tess Gerritsen (GRAVITY), and absorbing guru‑level craft from Robert McKee and Michael Hauge until their frameworks clicked into one seamless, turbo‑charged toolkit any writer can wield. He honed those tools coaching celebrity memoirists, ghost‑penning riveting biographies, and shaping classified “tell‑all” manuscripts for military and intelligence insiders. Then JD aimed his own pen at the most explosive tale in his orbit: the covert marriage of a U.S. psychological‑operations officer and an undercover Mossad Katsa. To shield real‑world operatives, he sold the rights as a “fictionalized account of a true story,” threading the needle between raw authenticity and airtight secrecy—proof that when JD fuses lived experience with elite storytelling chops, the result is a narrative with both teeth and tact.","Business, Sales & Marketing, Class",22.11,https://www.eventbrite.com/e/the-human-signal-in-the-age-of-ai-tickets-1991563737751,data_eventbrite\images\1991563737751_The_Human_Signal_in_the_Age_of_AI.jpg
1991077325880,The Realtor Advantage: Using Auctions to Buy & Sell More Homes,EventScheduled,https://img.evbuc.com/https%3A%2F%2Fcdn.evbuc.com%2Fimages%2F1186163297%2F142507882834%2F1%2Foriginal.20260604-152358?crop=focalpoint&fit=crop&w=940&auto=format%2Ccompress&q=75&sharp=10&fp-x=0.095&fp-y=0.473&s=4eeaadb1d010f23d18db29e3b5e5228b,2026-06-18T11:30:00-04:00,2026-06-18T12:30:00-04:00,Online,,Walter Parker,"Master of Lead Generation  and leveraging A.I and Social Media, Walter Parker is pioneering the way realtionships are being done wih Lenders, Insurance Agents and Realtors.  Don't Miss Any of His Classes","Business, Real Estate, Class",0.0,https://www.eventbrite.com/e/the-realtor-advantage-using-auctions-to-buy-sell-more-homes-tickets-1991077325880,data_eventbrite\images\1991077325880_The_Realtor_Advantage_Using_Auctions_to_Buy_Sell_More_Homes.jpg
1990424436069,WEBINAR: How to Buy Your Next Investment Property with Low Money Down,EventScheduled,https://img.evbuc.com/https%3A%2F%2Fcdn.evbuc.com%2Fimages%2F1185450941%2F1214736576703%2F1%2Foriginal.20260526-170148?crop=focalpoint&fit=crop&w=940&auto=format%2Ccompress&q=75&sharp=10&fp-x=0.5&fp-y=0.5&s=c4119997aa1db094533a4f333569d005,2026-06-17T12:00:00-06:00,2026-06-17T13:00:00-06:00,Online,,Good Neighbor Realty,,"Business, Real Estate, Networking",0.0,https://www.eventbrite.com/e/webinar-how-to-buy-your-next-investment-property-with-low-money-down-tickets-1990424436069,data_eventbrite\images\1990424436069_WEBINAR_How_to_Buy_Your_Next_Investment_Property_with_Low_Money_Down.jpg
1987206469043,Why Most Closets Don’t Sell (And How to Fix Yours in 30 Minutes),EventScheduled,https://img.evbuc.com/https%3A%2F%2Fcdn.evbuc.com%2Fimages%2F1181950676%2F481578742875%2F1%2Foriginal.20260411-212700?crop=focalpoint&fit=crop&w=940&auto=format%2Ccompress&q=75&sharp=10&fp-x=0.514&fp-y=0.016&s=f1cb60d12aef3eedfc9748620226d0e0,2026-06-17T19:00:00-05:00,2026-06-17T19:30:00-05:00,Online,,ReBloom Global,,"Fashion, Fashion, Class",0.0,https://www.eventbrite.com/e/why-most-closets-dont-sell-and-how-to-fix-yours-in-30-minutes-tickets-1987206469043,data_eventbrite\images\1987206469043_Why_Most_Closets_Dont_Sell_And_How_to_Fix_Yours_in_30_Minutes.jpg
1979761966335,You CAN Buy a Home!!  A FREE Home Buyer Session!,EventScheduled,https://img.evbuc.com/https%3A%2F%2Fcdn.evbuc.com%2Fimages%2F913402583%2F2089358964833%2F1%2Foriginal.20241207-162015?crop=focalpoint&fit=crop&w=940&auto=format%2Ccompress&q=75&sharp=10&fp-x=0.5&fp-y=0.5&s=69b4fe8500cb44efdf0d87761d6f64de,2026-09-05T11:00:00-04:00,2026-09-05T12:00:00-04:00,Online,,TLo the Realtor,,"Business, Real Estate, Seminar",0.0,https://www.eventbrite.com/e/you-can-buy-a-home-a-free-home-buyer-session-tickets-1979761966335,data_eventbrite\images\1979761966335_You_CAN_Buy_a_Home_A_FREE_Home_Buyer_Session.jpg
1990874955585,Your Real Estate Pipeline isn't Broken. You're Missing This.,EventScheduled,https://img.evbuc.com/https%3A%2F%2Fcdn.evbuc.com%2Fimages%2F1185966326%2F277087765438%2F1%2Foriginal.20260602-143505?crop=focalpoint&fit=crop&w=940&auto=format%2Ccompress&q=75&sharp=10&fp-x=0.5&fp-y=0.5&s=0181dab68f86ff528489daa0e37b3fa0,2026-06-23T13:00:00-04:00,2026-06-23T14:00:00-04:00,Online,,Laura Malec,,"Business, Real Estate, Class",0.0,https://www.eventbrite.com/e/your-real-estate-pipeline-isnt-broken-youre-missing-this-tickets-1990874955585,data_eventbrite\images\1990874955585_Your_Real_Estate_Pipeline_isnt_Broken_Youre_Missing_This.jpg
1989739781248,High Ticket High Trust,EventScheduled,https://img.evbuc.com/https%3A%2F%2Fcdn.evbuc.com%2Fimages%2F1185158753%2F534879381771%2F1%2Foriginal.20260521-184810?crop=focalpoint&fit=crop&w=940&auto=format%2Ccompress&q=75&sharp=10&fp-x=0.5&fp-y=0.5&s=66c591748924c8f9c51dcbfc147aebad,2026-06-23T09:00:00+08:00,2026-06-23T10:00:00+08:00,Online,,Resabal is a management consulting firm that specializes in futureproofing.,,"Business, Finance, Conference",1049.9,https://www.eventbrite.hk/e/high-ticket-high-trust-tickets-1989739781248,data_eventbrite\images\1989739781248_High_Ticket_High_Trust.jpg
1231615578349,INS tickets payment,EventScheduled,https://img.evbuc.com/https%3A%2F%2Fcdn.evbuc.com%2Fimages%2F950321633%2F1786021351763%2F1%2Foriginal.20250201-183051?crop=focalpoint&fit=crop&w=940&auto=format%2Ccompress&q=75&sharp=10&fp-x=0.5&fp-y=0.5&s=532e3ef6bf91155e479c79958c7f04d5,2025-02-02T22:00:00+08:00,2026-12-06T22:30:00+08:00,Online,,Shanghai Pub Crawl,,"Other, Attraction",0.0,https://www.eventbrite.hk/e/ins-tickets-payment-tickets-1231615578349,data_eventbrite\images\1231615578349_INS_tickets_payment.jpg
1987491083332,Set up and Run a  Reflective Practice Group - A Group Analytic Lens.,EventScheduled,https://img.evbuc.com/https%3A%2F%2Fcdn.evbuc.com%2Fimages%2F566944909%2F412442972587%2F1%2Foriginal.20230802-112347?w=940&auto=format%2Ccompress&q=75&sharp=10&rect=0%2C0%2C734%2C367&s=2e9c6862fd18a4efa7f95032af33e80c,2026-07-29T09:30:00+01:00,2026-07-29T15:30:00+01:00,Online,,DR Libby Nugent,"Clinical Psychologist and a `Group Work Practitioner of Group Analysis.I have particular interest in depth psychology - both  Jungian and Group Analytic.The workshops I run often are exploring stories and myths in groups as a way to creatively connect and examine individual and collective psychology; providing a choice of teaching spaces, seminars and groups where people can reflect on life.The reflective spaces I provide can be either “here-and-now” events where participants study what is going on in the moment, paying particular attention to unconscious dynamics and looking at the group-as-a-whole, rather than intrapersonal or interpersonal dynamics. Or events, where the group is invited to reflect on their experiences regarding a particular piece of material: such as a group discussion on a piece of literature, or, a participant sharing a work situation to be thought about together as a group.It is not unusual that learning is transformational in terms of how participants look at themselves, their roles, their groups, and organisations they are part of.These reflective spaces are for anyone wanting to experience in action how through the group‘s discussion, meeting our reactions, our connection to symbols, imagery and association along the way, we might enable each other to better understand ourselves, each other and some of the personal and collective stories we all live.Unless explicitly stated for a specific event, no particular background or experience is necessary to participate.","Other, Class",135.0,https://www.eventbrite.co.uk/e/set-up-and-run-a-reflective-practice-group-a-group-analytic-lens-tickets-1987491083332,data_eventbrite\images\1987491083332_Set_up_and_Run_a_Reflective_Practice_Group_-_A_Group_Analytic_Lens.jpg
1991069088241,Virtual Training- Conditioning & Jumps Class,EventScheduled,https://img.evbuc.com/https%3A%2F%2Fcdn.evbuc.com%2Fimages%2F1181429002%2F2990076921146%2F1%2Foriginal.20260404-153310?crop=focalpoint&fit=crop&w=940&auto=format%2Ccompress&q=75&sharp=10&fp-x=0.5&fp-y=0.5&s=3979475bb13848a26b5225c4e224d15c,2026-06-19T17:30:00+01:00,2026-06-19T18:45:00+01:00,Online,,Artisté Training & Events,,"Health, Yoga, Class",11.55,https://www.eventbrite.co.uk/e/virtual-training-conditioning-jumps-class-tickets-1991069088241,data_eventbrite\images\1991069088241_Virtual_Training-_Conditioning_Jumps_Class.jpg
1990796356493,AI Made Simple:  A Beginner Class for Seniors,EventScheduled,https://img.evbuc.com/https%3A%2F%2Fcdn.evbuc.com%2Fimages%2F1185881523%2F3003950400426%2F1%2Foriginal.20260601-170200?crop=focalpoint&fit=crop&w=940&auto=format%2Ccompress&q=75&sharp=10&fp-x=0.5&fp-y=0.5&s=a417e55a26b5226a3bb27f6cfead4679,2026-06-27T10:00:00-07:00,2026-06-27T12:00:00-07:00,Online,,The Savvy PM Architect,,Class,5.0,https://www.eventbrite.com/e/ai-made-simple-a-beginner-class-for-seniors-tickets-1990796356493,data_eventbrite\images\1990796356493_AI_Made_Simple_A_Beginner_Class_for_Seniors.jpg
1990467234079,ART CLASSES ON SUNDAYS / drawing-painting-crafts SKETCHBOOK (WTDP6-0628),EventScheduled,https://img.evbuc.com/https%3A%2F%2Fcdn.evbuc.com%2Fimages%2F1183103578%2F1343799879683%2F1%2Foriginal.20260427-084645?crop=focalpoint&fit=crop&w=940&auto=format%2Ccompress&q=75&sharp=10&fp-x=0.5&fp-y=0.5&s=d2ca565d901eb61f3417854a7bce56d6,2026-06-28T20:00:00-04:00,2026-06-28T21:30:00-04:00,Online,,Martin Franco,"Visual Arts Teacher working independently on online art classes since 2020 when I had to shut down my studio. In 2023 I started teaching a series of Drawing and Painting Classes on Zoom in English which I call ""WAYS TO DRAW AND PAINT""- (WTDP) . We study diverse subjects as still lifes, landscapes, animals, portraits and the whole human figure and also we work and experiment with different materials (graphite, charcoal, watercolors, colored pencils, pastels, tempera-gouache, oil, acrylics, collage and more). Usually these are stand alone classes, some others are weekly courses.  I never repeat the classes contents and they are never pre-recorded. These classes in the English language are intended mostly for beginning and intermediate students, otherwise it is announced as for advanced students. Usually we are very few in each session, so you can ask questions and show your work on camera to get some feedback and continue to improve and grow as an artist.   Contact me at <dibujofranco>  gmail / instagram / facebook / blogspot","Hobbies, Drawing & Painting, Class",23.06,https://www.eventbrite.com/e/art-classes-on-sundays-drawing-painting-crafts-sketchbook-wtdp6-0628-tickets-1990467234079,data_eventbrite\images\1990467234079_ART_CLASSES_ON_SUNDAYS_drawing-painting-crafts_SKETCHBOOK_WTDP6-0628.jpg
1989969150297,Broadway Pride | FOUR online classes,EventScheduled,https://img.evbuc.com/https%3A%2F%2Fcdn.evbuc.com%2Fimages%2F1185332135%2F153799657808%2F1%2Foriginal.20260524-222757?crop=focalpoint&fit=crop&w=940&auto=format%2Ccompress&q=75&sharp=10&fp-x=0.498&fp-y=1.0&s=67d568885124f949338ab4ed414f7b78,,,Online,,David Benkof,"David Benkof, the Broadway Maven, has been teaching Broadway and American Jewish Culture online for five years. He aims to help students see the third time things they did not notice the first. His love for Broadway is triply expressed: his classes; his Youtube Channel; and MARQUEE: The Broadway Maven's Weekly Blast substack newsletter. For more information, visit TheBroadwayMaven.com","Arts, Musical, Class",28.52,https://www.eventbrite.com/e/broadway-pride-four-online-classes-tickets-1989969150297,data_eventbrite\images\1989969150297_Broadway_Pride_FOUR_online_classes.jpg
1965591321555,Childbirth Preparation Virtual Class,EventScheduled,https://img.evbuc.com/https%3A%2F%2Fcdn.evbuc.com%2Fimages%2F448227779%2F4970656728%2F1%2Foriginal.20200529-170048?w=940&auto=format%2Ccompress&q=75&sharp=10&rect=0%2C97%2C1164%2C582&s=670a370815eba82d26d0d6bd662c42f0,2026-07-14T18:30:00-07:00,2026-07-15T18:30:00-07:00,Online,,Santa Barbara Cottage Hospital Childbirth Education,,"Health, Personal health, Class",71.21,https://www.eventbrite.com/e/childbirth-preparation-virtual-class-registration-1965591321555,data_eventbrite\images\1965591321555_Childbirth_Preparation_Virtual_Class.jpg
1990043122550,Etiquette & Elegance With Teshia: CLASS IS CURRENCY,EventScheduled,https://img.evbuc.com/https%3A%2F%2Fcdn.evbuc.com%2Fimages%2F1186244744%2F156043906344%2F1%2Foriginal.20260605-142731?crop=focalpoint&fit=crop&w=940&auto=format%2Ccompress&q=75&sharp=10&fp-x=0.278&fp-y=0.079&s=82af28f5365bbf46b9999a9e44e64e28,2026-06-28T19:00:00-04:00,2026-06-28T20:00:00-04:00,Online,,Teshia & Co.,,"Fashion, Other, Class",10.0,https://www.eventbrite.com/e/etiquette-elegance-with-teshia-class-is-currency-tickets-1990043122550,data_eventbrite\images\1990043122550_Etiquette_Elegance_With_Teshia_CLASS_IS_CURRENCY.jpg
1987364542846,Expectant Dad’s Class - Virtual | Register Now! (9:00 am - noon PST),EventScheduled,https://img.evbuc.com/https%3A%2F%2Fcdn.evbuc.com%2Fimages%2F748001839%2F560397017549%2F1%2Foriginal.20240419-213428?w=940&auto=format%2Ccompress&q=75&sharp=10&rect=0%2C0%2C1440%2C720&s=56b316bc514f57cf27225047ab5929c8,2026-07-11T09:00:00-07:00,2026-07-11T12:00:00-07:00,Online,,The Center for Men's Excellence,"The Center for Men's Excellence- Psychological Services for: Men | Couples | Fathers | Families | Childrenmenexcel.comVirtual dad's classes are open to anyone, no matter where you live!In-person dad's classes available in San Diego, CAPsychological services available virtually to any resident of California, and in-person in San Diego, CA","Family & Education, Parenting, Class",81.88,https://www.eventbrite.com/e/expectant-dads-class-virtual-register-now-900-am-noon-pst-tickets-1987364542846,data_eventbrite\images\1987364542846_Expectant_Dads_Class_-_Virtual_Register_Now_900_am_-_noon_PST.jpg
1989896719655,"Expectations, Sexism & Misogyny Training",EventScheduled,https://img.evbuc.com/https%3A%2F%2Fcdn.evbuc.com%2Fimages%2F1184921808%2F2262686936603%2F1%2Foriginal.20260519-085300?crop=focalpoint&fit=crop&w=940&auto=format%2Ccompress&q=75&sharp=10&fp-x=0.066&fp-y=0.595&s=a2eeaeb6302f1a2fe26f8addd325ecb4,2026-07-08T12:30:00+01:00,2026-07-08T14:00:00+01:00,Online,,Sundial Centre for Education on Harmful Practices,,"Charity & Causes, Human Rights, Class",10.0,https://www.eventbrite.com/e/expectations-sexism-misogyny-training-tickets-1989896719655,data_eventbrite\images\1989896719655_Expectations_Sexism_Misogyny_Training.jpg
1979462572841,Financial CHAKRAS ™: Business Networking Circle,EventScheduled,https://img.evbuc.com/https%3A%2F%2Fcdn.evbuc.com%2Fimages%2F1181990828%2F109339988503%2F1%2Foriginal.20260412-214823?crop=focalpoint&fit=crop&w=940&auto=format%2Ccompress&q=75&sharp=10&fp-x=0.865&fp-y=0.458&s=35d640478c04e47d7a516a52802c7fb1,2026-06-17T12:00:00-04:00,2026-06-17T14:00:00-04:00,Online,,Ash Shukla,"Click here to subscribe to our text messages.We host several high-end events throughout the year. Our promise: We produce high content events for entrepreneurs and business owners. Our events are well attended by holistic-minded business owners & women entrepreneurs who want to remove financial blockages, improve their lives, and build a business they can enjoy...","Business, Startups & Small Business, Networking",0.0,https://www.eventbrite.com/e/financial-chakras-tm-business-networking-circle-tickets-1979462572841,data_eventbrite\images\1979462572841_Financial_CHAKRAS_Business_Networking_Circle.jpg
1990524799258,"Focus on Children: MORNING CLASS Tuesday, June 23, 2026  9:00am-12:00pm",EventScheduled,https://img.evbuc.com/https%3A%2F%2Fcdn.evbuc.com%2Fimages%2F1173078532%2F295784531024%2F1%2Foriginal.20200611-173051?w=940&auto=format%2Ccompress&q=75&sharp=10&rect=0%2C12%2C448%2C224&s=e5b41ce1936ac604d23fddc562a9add3,2026-06-23T09:00:00-07:00,2026-06-23T12:00:00-07:00,Online,,Lane County Family Mediation,,"Family & Education, Parenting, Class",87.21,https://www.eventbrite.com/e/focus-on-children-morning-class-tuesday-june-23-2026-900am-1200pm-registration-1990524799258,data_eventbrite\images\1990524799258_Focus_on_Children_MORNING_CLASS_Tuesday_June_23_2026_900am-1200pm.jpg
1990525211491,"Focus on Children: MORNING CLASS Tuesday, June 30, 2026  9:00am-12:00pm",EventScheduled,https://img.evbuc.com/https%3A%2F%2Fcdn.evbuc.com%2Fimages%2F1173078532%2F295784531024%2F1%2Foriginal.20200611-173051?w=940&auto=format%2Ccompress&q=75&sharp=10&rect=0%2C12%2C448%2C224&s=e5b41ce1936ac604d23fddc562a9add3,2026-06-30T09:00:00-07:00,2026-06-30T12:00:00-07:00,Online,,Lane County Family Mediation,,"Family & Education, Parenting, Class",87.21,https://www.eventbrite.com/e/focus-on-children-morning-class-tuesday-june-30-2026-900am-1200pm-registration-1990525211491,data_eventbrite\images\1990525211491_Focus_on_Children_MORNING_CLASS_Tuesday_June_30_2026_900am-1200pm.jpg
1991734158484,Free Class: Astrology for Visionary Life Changes - June 30th,EventScheduled,https://img.evbuc.com/https%3A%2F%2Fcdn.evbuc.com%2Fimages%2F1173560575%2F653650828553%2F1%2Foriginal.20251227-051204?w=940&auto=format%2Ccompress&q=75&sharp=10&s=a960e6702e76894ae9371aaa4c661086,2026-06-30T17:00:00-07:00,2026-06-30T18:15:00-07:00,Online,,"Linda Mendonsa, Astrology Learners Academy","Linda Mendonsa, Director of Astrology Learners Academy,  shares her 40-plus years of experience with modern Western astrology and her positive philosophy of life with you. She has been teaching astrology for over 7 years, guiding students all over the world to read their charts with confidence. Linda is known for her friendly and engaging teaching style, making the layered complexity of astrology easy to learn and apply to your own life. Come join her for this fun astrology beginner class! Learn more: https://astrologylearners.com/","Spirituality, New Age, Class",0.0,https://www.eventbrite.com/e/free-class-astrology-for-visionary-life-changes-june-30th-tickets-1991734158484,data_eventbrite\images\1991734158484_Free_Class_Astrology_for_Visionary_Life_Changes_-_June_30th.jpg
1991937370296,Make Money With Your Voice-Intro to Voice Overs- Live Online Workshop & Q&A,EventScheduled,https://img.evbuc.com/https%3A%2F%2Fcdn.evbuc.com%2Fimages%2F941182373%2F933317738503%2F1%2Foriginal.20250121-185017?crop=focalpoint&fit=crop&w=940&auto=format%2Ccompress&q=75&sharp=10&fp-x=0.005&fp-y=0.005&s=7169dc26d3fde63ed8f05225b57cb0f1,2026-06-22T18:30:00-04:00,2026-06-22T20:00:00-04:00,Online,,Voice Coaches CVDG,,"Arts, Theatre, Class",44.52,https://www.eventbrite.com/e/make-money-with-your-voice-intro-to-voice-overs-live-online-workshop-qa-tickets-1991937370296,data_eventbrite\images\1991937370296_Make_Money_With_Your_Voice-Intro_to_Voice_Overs-_Live_Online_Workshop_QA.jpg
1991644805226,[NEW DATE] MASTER CLASS: Beyond the Blues,EventScheduled,https://img.evbuc.com/https%3A%2F%2Fcdn.evbuc.com%2Fimages%2F1185223519%2F71470240989%2F1%2Foriginal.20260522-152030?crop=focalpoint&fit=crop&w=940&auto=format%2Ccompress&q=75&sharp=10&fp-x=0.499&fp-y=0.453&s=f57e7d359aa9e7af4692f2817c51197c,2026-07-08T18:30:00-05:00,2026-07-08T20:00:00-05:00,Online,,Ellen Britton Guitar,,"Music, Acoustic, Class",49.87,https://www.eventbrite.com/e/new-date-master-class-beyond-the-blues-tickets-1991644805226,data_eventbrite\images\1991644805226_NEW_DATE_MASTER_CLASS_Beyond_the_Blues.jpg
1991774670657,Nutrition Plus: Summer Health and Nutrition,EventScheduled,https://img.evbuc.com/https%3A%2F%2Fcdn.evbuc.com%2Fimages%2F540235979%2F246853029490%2F1%2Foriginal.20230621-141914?w=940&auto=format%2Ccompress&q=75&sharp=10&rect=0%2C0%2C838%2C419&s=786306033bc9eaf633063abc3507d5cf,2026-06-25T11:30:00-04:00,2026-06-25T13:00:00-04:00,Online,,University Maryland Extension/JenniferDixonCravens,"University programs, activities, and facilities are available to all without regard to race, color, sex, gender identity or expression, sexual orientation, marital status, age, national origin, political affiliation, physical or mental disability, religion, protected veteran status, genetic information, personal appearance, or any other legally protected class.If you need special assistance to participate in this program, please contact the University of Maryland Extension office at least 2 weeks in advance.","Health, Other, Class",0.0,https://www.eventbrite.com/e/nutrition-plus-summer-health-and-nutrition-tickets-1991774670657,data_eventbrite\images\1991774670657_Nutrition_Plus_Summer_Health_and_Nutrition.jpg
1984853710880,Parenting Styles- Live Virtual,EventScheduled,https://img.evbuc.com/https%3A%2F%2Fcdn.evbuc.com%2Fimages%2F976327913%2F18592324581%2F1%2Foriginal.20250305-210043?crop=focalpoint&fit=crop&w=940&auto=format%2Ccompress&q=75&sharp=10&fp-x=0.0047373540856&fp-y=0.00516212715713&s=b2bd32c1660089130a833aa0e8db8970,2026-06-30T18:30:00-05:00,2026-06-30T20:30:00-05:00,Online,,The Parenting Center,Website: http://theparentingcenter.org/organizer/the-parenting-center-3/,"Family & Education, Parenting, Class",32.9,https://www.eventbrite.com/e/parenting-styles-live-virtual-tickets-1984853710880,data_eventbrite\images\1984853710880_Parenting_Styles-_Live_Virtual.jpg
1984855155200,Parenting Young Children-Live Virtual,EventScheduled,https://img.evbuc.com/https%3A%2F%2Fcdn.evbuc.com%2Fimages%2F1056212913%2F18592324581%2F1%2Foriginal.20250618-235348?crop=focalpoint&fit=crop&w=940&auto=format%2Ccompress&q=75&sharp=10&fp-x=0.460227272727&fp-y=0.501865671642&s=bf9bfdcd0da4665ad6e5b2813b1cbb74,2026-06-24T18:30:00-05:00,2026-06-24T20:30:00-05:00,Online,,The Parenting Center,Website: http://theparentingcenter.org/organizer/the-parenting-center-3/,"Family & Education, Parenting, Class",32.9,https://www.eventbrite.com/e/parenting-young-children-live-virtual-tickets-1984855155200,data_eventbrite\images\1984855155200_Parenting_Young_Children-Live_Virtual.jpg
1988881773925,Premarital Class,EventScheduled,https://img.evbuc.com/https%3A%2F%2Fcdn.evbuc.com%2Fimages%2F1183873717%2F2744495516151%2F1%2Foriginal.20260506-010130?crop=focalpoint&fit=crop&w=940&auto=format%2Ccompress&q=75&sharp=10&fp-x=0.5&fp-y=0.5&s=d7880f0a5a2088183dd301fb1e536a46,2026-06-25T19:00:00-07:00,2026-06-25T20:30:00-07:00,Online,,Unity Collective,,"Family & Education, Parents Association, Class",495.0,https://www.eventbrite.com/e/premarital-class-registration-1988881773925,data_eventbrite\images\1988881773925_Premarital_Class.jpg
1990078065064,Preserving Avocados to Enjoy All Year,EventScheduled,https://img.evbuc.com/https%3A%2F%2Fcdn.evbuc.com%2Fimages%2F1186347252%2F874775229583%2F1%2Foriginal.20260607-170116?crop=focalpoint&fit=crop&w=940&auto=format%2Ccompress&q=75&sharp=10&fp-x=0.678&fp-y=0.594&s=581055ea28528e9571c6971b538f24ed,2026-06-23T19:00:00-07:00,2026-06-23T20:00:00-07:00,Online,,UC Master Food Preserver Online Delivery Program,"The UC Master Food Preserver Online Delivery Program offers free, research-based classes on safe home food preservation. Our trained volunteers demonstrate approved recipes and techniques for canning, freezing, drying, fermenting, and more. We hope these classes help Californians (and participants everywhere) enjoy seasonal foods year-round.","Food & Drink, Food, Class",0.0,https://www.eventbrite.com/e/preserving-avocados-to-enjoy-all-year-tickets-1990078065064,data_eventbrite\images\1990078065064_Preserving_Avocados_to_Enjoy_All_Year.jpg
1990277068288,Rise and Shine Virtual Class,EventScheduled,https://img.evbuc.com/https%3A%2F%2Fcdn.evbuc.com%2Fimages%2F1185314102%2F2992371301163%2F1%2Foriginal.20260524-151420?crop=focalpoint&fit=crop&w=940&auto=format%2Ccompress&q=75&sharp=10&fp-x=0.5&fp-y=0.5&s=8c06720117132dc94a22f79142f44db5,2026-06-19T10:30:00-04:00,2026-06-19T11:30:00-04:00,Online,,Canasta Consultant,,"Family & Education, Education, Class",35.0,https://www.eventbrite.com/e/rise-and-shine-virtual-class-tickets-1990277068288,data_eventbrite\images\1990277068288_Rise_and_Shine_Virtual_Class.jpg
1221528216779,Virginia Virtual Co-Parenting Class: Two Parents. Two Homes,EventScheduled,https://img.evbuc.com/https%3A%2F%2Fcdn.evbuc.com%2Fimages%2F944212373%2F2561727956591%2F1%2Foriginal.20250124-222224?crop=focalpoint&fit=crop&w=940&auto=format%2Ccompress&q=75&sharp=10&fp-x=0.291666666667&fp-y=0.232142857143&s=019f72eb6b42f49d756dc6e0f924db36,2025-02-16T13:00:00-05:00,2026-07-29T21:30:00-04:00,Online,,SkillSource TD,,"Family & Education, Parenting, Class",48.0,https://www.eventbrite.com/e/virginia-virtual-co-parenting-class-two-parents-two-homes-tickets-1221528216779,data_eventbrite\images\1221528216779_Virginia_Virtual_Co-Parenting_Class_Two_Parents_Two_Homes.jpg
1981932530551,Virtual - Seated Exercise Instructor Training - 29 June 2026,EventScheduled,https://img.evbuc.com/https%3A%2F%2Fcdn.evbuc.com%2Fimages%2F1181191081%2F2980910326021%2F1%2Foriginal.20260401-131229?crop=focalpoint&fit=crop&w=940&auto=format%2Ccompress&q=75&sharp=10&fp-x=0.822&fp-y=0.612&s=7d9b66cfabfb6609b161b66343c87b18,2026-06-29T10:30:00+01:00,2026-06-29T16:30:00+01:00,Online,,Age UK Devon,"Age UK Devonis a local charity working across the county to support people over 50 to live healthier, happier and more connected lives. From practical advice and wellbeing support to social groups and community programmes, we’re here to help older people stay independent and feel part of something.","Sports & Fitness, Exercise, Class",135.0,https://www.eventbrite.com/e/virtual-seated-exercise-instructor-training-29-june-2026-tickets-1981932530551,data_eventbrite\images\1981932530551_Virtual_-_Seated_Exercise_Instructor_Training_-_29_June_2026.jpg
1988822097431,"Human Rights, Sustainable Development & the Law",EventScheduled,https://img.evbuc.com/https%3A%2F%2Fcdn.evbuc.com%2Fimages%2F1184114592%2F6651695199%2F1%2Foriginal.20260508-123833?crop=focalpoint&fit=crop&w=940&auto=format%2Ccompress&q=75&sharp=10&fp-x=0.5&fp-y=0.5&s=b9656d7d4b7811ef8077749ae8104590,2026-07-10T09:00:00-04:00,2026-07-10T16:30:00-04:00,Online,,The Centre for International Sustainable Development Law (CISDL),"The CISDL is an independent international legal research institute integrating environment, human rights and economy through legal scholarship and empowerment. Our mission is to promote legal education relating to sustainable societies and the protection of ecosystems by advancing the understanding, development and implementation of international sustainable development law. Through its various programs and initiatives, the CISDL has positioned itself as one of the world’s leading organizations dedicated to sustainable development and as the world’s leading sustainable development law charity.","Government, Other, Seminar",0.0,https://www.eventbrite.ca/e/human-rights-sustainable-development-the-law-tickets-1988822097431,data_eventbrite\images\1988822097431_Human_Rights_Sustainable_Development_the_Law.jpg
1990781861137,Abdominal Repair of High Vaginal Tears with Haemodynamic Compromise,EventScheduled,https://img.evbuc.com/https%3A%2F%2Fcdn.evbuc.com%2Fimages%2F1185915153%2F22766425176%2F1%2Foriginal.20260601-225717?crop=focalpoint&fit=crop&w=940&auto=format%2Ccompress&q=75&sharp=10&fp-x=0.5&fp-y=0.5&s=394aef6abe9daec30ca0f3ecd14f74f2,2026-06-21T16:00:00+01:00,2026-06-21T18:00:00+01:00,Online,,Asma Khalil,Professor of Maternal Fetal Medicine,"Health, Medical, Seminar",0.0,https://www.eventbrite.co.uk/e/abdominal-repair-of-high-vaginal-tears-with-haemodynamic-compromise-tickets-1990781861137,data_eventbrite\images\1990781861137_Abdominal_Repair_of_High_Vaginal_Tears_with_Haemodynamic_Compromise.jpg
1991054354171,Certificación de Jardines por la Biodiversidad,EventScheduled,https://img.evbuc.com/https%3A%2F%2Fcdn.evbuc.com%2Fimages%2F1186144505%2F520215788137%2F1%2Foriginal.20260604-112129?crop=focalpoint&fit=crop&w=940&auto=format%2Ccompress&q=75&sharp=10&fp-x=0.5&fp-y=0.5&s=5622fe6458f98bfe420096bbd715c716,2026-06-18T10:00:00-04:00,2026-06-18T11:30:00-04:00,Online,,Botanic Gardens Conservation International,,"Community, Other, Class",0.0,https://www.eventbrite.co.uk/e/certificacion-de-jardines-por-la-biodiversidad-tickets-1991054354171,data_eventbrite\images\1991054354171_Certificación_de_Jardines_por_la_Biodiversidad.jpg
1988008726617,Contract Management Community of Practice - good practice workshop - JUNE,EventScheduled,https://img.evbuc.com/https%3A%2F%2Fcdn.evbuc.com%2Fimages%2F1182782299%2F741535998303%2F1%2Foriginal.20260422-143900?crop=focalpoint&fit=crop&w=940&auto=format%2Ccompress&q=75&sharp=10&fp-x=0.5&fp-y=0.5&s=be87426dc2ef882d7767f0ee9825dd91,2026-06-18T13:00:00+01:00,2026-06-18T14:00:00+01:00,Online,,,,,0.0,https://www.eventbrite.co.uk/e/contract-management-community-of-practice-good-practice-workshop-june-tickets-1988008726617,data_eventbrite\images\1988008726617_Contract_Management_Community_of_Practice_-_good_practice_workshop_-_JUNE.jpg
1980360820524,Exploring Your Autistic Identity: June Meet-Up for Autistic Adults,EventScheduled,https://img.evbuc.com/https%3A%2F%2Fcdn.evbuc.com%2Fimages%2F1185847111%2F1231254407773%2F1%2Foriginal.20260601-092601?crop=focalpoint&fit=crop&w=940&auto=format%2Ccompress&q=75&sharp=10&fp-x=0.5&fp-y=0.5&s=ca4a4d4daec6f89b1838121c727265e9,2026-06-25T19:00:00+01:00,2026-06-25T20:15:00+01:00,Online,,Thriving Autistic CLG,"Thriving Autistic is an international non-profit, social enterprise run by Autistic and otherwise neurodivergent mental health professionals (therapists, coaches and psychologists).O﻿ur goal is to promote and protect the human rights of Autistic and Neurodivergent people.","Community, Other, Networking",0.0,https://www.eventbrite.co.uk/e/exploring-your-autistic-identity-june-meet-up-for-autistic-adults-registration-1980360820524,data_eventbrite\images\1980360820524_Exploring_Your_Autistic_Identity_June_Meet-Up_for_Autistic_Adults.jpg
1988223966405,Giving Voice: Black and Brown men sharing their experiences of Racism.,EventScheduled,https://img.evbuc.com/https%3A%2F%2Fcdn.evbuc.com%2Fimages%2F896253833%2F507667120071%2F1%2Foriginal.20241111-121602?w=940&auto=format%2Ccompress&q=75&sharp=10&rect=0%2C95%2C410%2C205&s=8f7344cbe9d81b6961c888ae780a6c93,2026-06-20T10:00:00+01:00,2026-06-20T13:30:00+01:00,Online,,The ManKind Project UK & Ireland,,"Community, State, Class",0.0,https://www.eventbrite.co.uk/e/giving-voice-black-and-brown-men-sharing-their-experiences-of-racism-tickets-1988223966405,data_eventbrite\images\1988223966405_Giving_Voice_Black_and_Brown_men_sharing_their_experiences_of_Racism.jpg
1990182417184,Money & Mental Health: Supporting People in Financial Distress,EventScheduled,https://img.evbuc.com/https%3A%2F%2Fcdn.evbuc.com%2Fimages%2F1185226269%2F2989247478407%2F1%2Foriginal.20260522-155354?crop=focalpoint&fit=crop&w=940&auto=format%2Ccompress&q=75&sharp=10&fp-x=0.5&fp-y=0.5&s=30ed25f6474d9136819babaa9ac54e76,2026-06-23T10:00:00+01:00,2026-06-23T11:00:00+01:00,Online,,Money Guiders England Community Network,,"Business, Finance, Seminar",0.0,https://www.eventbrite.co.uk/e/money-mental-health-supporting-people-in-financial-distress-tickets-1990182417184,data_eventbrite\images\1990182417184_Money_Mental_Health_Supporting_People_in_Financial_Distress.jpg
1986303979673,OrgDev Live Conference 2026,EventScheduled,https://img.evbuc.com/https%3A%2F%2Fcdn.evbuc.com%2Fimages%2F1181071355%2F1705811314473%2F1%2Foriginal.20260331-080442?crop=focalpoint&fit=crop&w=940&auto=format%2Ccompress&q=75&sharp=10&fp-x=0.477&fp-y=0.547&s=4ff20667cf41bcf1d72720d7e5e06268,2026-07-07T09:30:00+01:00,2026-07-08T16:30:00+01:00,Online,,Dani Bacon,,"Business, Career, Conference",0.0,https://www.eventbrite.co.uk/e/orgdev-live-conference-2026-tickets-1986303979673,data_eventbrite\images\1986303979673_OrgDev_Live_Conference_2026.jpg
1989900332461,Regina: a new history of women and power,EventScheduled,https://img.evbuc.com/https%3A%2F%2Fcdn.evbuc.com%2Fimages%2F1186573575%2F2824116931731%2F1%2Foriginal.20260610-083811?crop=focalpoint&fit=crop&w=940&auto=format%2Ccompress&q=75&sharp=10&fp-x=1.0&fp-y=0.472&s=0a216aa209dd062231164671f3afcb1d,2026-07-10T14:00:00+01:00,,Online,,The National Archives,"The National Archivesis the official archive and publisher for the UK government, and for England and Wales.  We are the guardians of some of our most iconic national documents, dating back over 1,000 years.","Community, Historic, Seminar",0.0,https://www.eventbrite.co.uk/e/regina-a-new-history-of-women-and-power-tickets-1989900332461,data_eventbrite\images\1989900332461_Regina_a_new_history_of_women_and_power.jpg
1988402126286,Revolution through a British lens,EventScheduled,https://img.evbuc.com/https%3A%2F%2Fcdn.evbuc.com%2Fimages%2F1183222618%2F2824116931731%2F1%2Foriginal.20260428-134508?crop=focalpoint&fit=crop&w=940&auto=format%2Ccompress&q=75&sharp=10&fp-x=0.474&fp-y=0.078&s=3bedd81f9f618b876613831aae74084b,2026-06-26T14:00:00+01:00,,Online,,The National Archives,"The National Archivesis the official archive and publisher for the UK government, and for England and Wales.  We are the guardians of some of our most iconic national documents, dating back over 1,000 years.","Community, Historic, Seminar",0.0,https://www.eventbrite.co.uk/e/revolution-through-a-british-lens-tickets-1988402126286,data_eventbrite\images\1988402126286_Revolution_through_a_British_lens.jpg
1990580677391,Securing AI with MITRE ATT&CK,EventScheduled,https://img.evbuc.com/https%3A%2F%2Fcdn.evbuc.com%2Fimages%2F1186060518%2F2993525660508%2F1%2Foriginal.20260603-141639?w=940&auto=format%2Ccompress&q=75&sharp=10&s=0b8fe64f1dc38d67c18a39a6537f3d60,2026-06-20T19:30:00+05:30,2026-06-20T21:00:00+05:30,Online,,Packt Publishing Limited,,,0.0,https://www.eventbrite.co.uk/e/securing-ai-with-mitre-attck-tickets-1990580677391,data_eventbrite\images\1990580677391_Securing_AI_with_MITRE_ATTCK.jpg
1988512043050,"Silences, Stories, Scripts:  Mothers and and Daughters in Literature",EventScheduled,https://img.evbuc.com/https%3A%2F%2Fcdn.evbuc.com%2Fimages%2F1183368646%2F413091460447%2F1%2Foriginal.20260429-194741?crop=focalpoint&fit=crop&w=940&auto=format%2Ccompress&q=75&sharp=10&fp-x=0.484&fp-y=0.315&s=9680f1d85aa053252fdb00ae7801c135,2026-06-24T08:30:00+01:00,2026-06-25T18:15:00+01:00,Online,,Centre for Comparative Literature,"The Goldsmiths Research Centre for Comparative Literature (CCL) is an interdepartmental Centre drawing from the Department of English & Creative Writing (formerly English & Comparative Literature) and the Department of Theatre and Performance, with contributions and collaborations across Goldsmiths and beyond.Building on an established tradition of teaching and researching literary, visual, cultural and performance texts from all areas of the world and in many different languages, the CCL aims to foster innovative research in and on the theory, practice and history of comparative literature, world literature(s) and theatre, reception of the classics, multilingualism and translation, intercultural theatre, and creative writing.","Arts, Literary Arts, Conference",0.0,https://www.eventbrite.co.uk/e/silences-stories-scripts-mothers-and-and-daughters-in-literature-tickets-1988512043050,data_eventbrite\images\1988512043050_Silences_Stories_Scripts_Mothers_and_and_Daughters_in_Literature.jpg
1988557969417,Tergar Nepal Health Camps presentation  and fundraiser,EventScheduled,https://img.evbuc.com/https%3A%2F%2Fcdn.evbuc.com%2Fimages%2F1183795929%2F516666417251%2F1%2Foriginal.20260505-092430?crop=focalpoint&fit=crop&w=940&auto=format%2Ccompress&q=75&sharp=10&fp-x=0.5&fp-y=0.5&s=b48d80f489ab7c18e9bc666093869131,2026-06-20T16:00:00+01:00,2026-06-20T17:00:00+01:00,Online,,Tergar Edinburgh,,"Charity & Causes, Healthcare, Seminar",0.0,https://www.eventbrite.co.uk/e/tergar-nepal-health-camps-presentation-and-fundraiser-tickets-1988557969417,data_eventbrite\images\1988557969417_Tergar_Nepal_Health_Camps_presentation_and_fundraiser.jpg
1985498039083,Twinkl's Festival of Tutoring 2026 - Day Two,EventScheduled,https://img.evbuc.com/https%3A%2F%2Fcdn.evbuc.com%2Fimages%2F1180214418%2F1375061046703%2F1%2Foriginal.20260319-095040?crop=focalpoint&fit=crop&w=940&auto=format%2Ccompress&q=75&sharp=10&fp-x=0.231&fp-y=0.388&s=7401621435ec6e04f323fa020842d5a8,2026-06-30T09:00:00+01:00,2026-06-30T14:45:00+01:00,Online,,Twinkl TeachMeet,"JoinTwinkl TeachMeetfor live CPD events featuring expert-led sessions on the latest teaching strategies and resources. Our events are the perfect opportunity to boost your skills and connect with fellow educators!Learn, Connect, and Grow with Twinkl TeachMeet","Family & Education, Education, Class",0.0,https://www.eventbrite.co.uk/e/twinkls-festival-of-tutoring-2026-day-two-tickets-1985498039083,data_eventbrite\images\1985498039083_Twinkls_Festival_of_Tutoring_2026_-_Day_Two.jpg
1991812708429,AI Security: Como proteger aplicaciones con IA sin perderse en el Hype,EventScheduled,https://img.evbuc.com/https%3A%2F%2Fcdn.evbuc.com%2Fimages%2F1186804477%2F316781646123%2F1%2Foriginal.20260613-021447?crop=focalpoint&fit=crop&w=940&auto=format%2Ccompress&q=75&sharp=10&fp-x=0.5&fp-y=0.5&s=86cdd6913ffd89fc562bc4c6203cda42,2026-06-25T18:00:00-06:00,,Online,,WOMCY - LATAM Women in Cybersecurity,,"Science & Tech, Social Media, Seminar",0.0,https://www.eventbrite.co/e/ai-security-como-proteger-aplicaciones-con-ia-sin-perderse-en-el-hype-tickets-1991812708429,data_eventbrite\images\1991812708429_AI_Security_Como_proteger_aplicaciones_con_IA_sin_perderse_en_el_Hype.jpg
1989921824745,"Credenciales Digitales, Estándares Globales y Empleabilidad",EventScheduled,https://img.evbuc.com/https%3A%2F%2Fcdn.evbuc.com%2Fimages%2F1185392873%2F190466559934%2F1%2Foriginal.20260525-225038?crop=focalpoint&fit=crop&w=940&auto=format%2Ccompress&q=75&sharp=10&fp-x=0.5&fp-y=0.5&s=3d2d05e1b9e06136f4901272e5a6f3c5,2026-06-24T11:00:00-05:00,2026-06-24T12:00:00-05:00,Online,,RECLA,,"Business, Educators, Conference",0.0,https://www.eventbrite.co/e/credenciales-digitales-estandares-globales-y-empleabilidad-tickets-1989921824745,data_eventbrite\images\1989921824745_Credenciales_Digitales_Estándares_Globales_y_Empleabilidad.jpg
1991469688447,Reunión Informativa de Postgrados (Maestrías y Especializaciones),EventScheduled,https://img.evbuc.com/https%3A%2F%2Fcdn.evbuc.com%2Fimages%2F1178312619%2F134027303438%2F1%2Foriginal.20260224-155134?w=940&auto=format%2Ccompress&q=75&sharp=10&rect=0%2C0%2C2160%2C1080&s=f023398469130e620a3a029441d361fc,2026-06-18T18:00:00-05:00,2026-06-18T19:30:00-05:00,Online,,Quality Leadership University,"Quality Leadership University fue fundada en 1997 bajo el liderazgo del Rector Oscar León, quien tuvo la visión de ofrecer el más alto nivel académico en Panamá con el objetivo de preparar líderes y profesionales que contribuyan al desarrollo de la región. A la fecha, más de 5,000 Panameños y extranjeros de todas partes del mundo han recibido sus diplomas en licenciatura y maestría en diversas áreas profesionales. Con más de 1500 estudiantes matriculados cada año en nuestros programas de Licenciaturas y Maestrías, así como en nuestros programas de Inglés para el Éxito Profesional y Educación Ejecutiva.Quality Leadership University mantiene acuerdos académicos con universidades reconocidas mundialmente como University of Louisville, Illinois State University, University of South Florida y la Universidad de Chile.","Family & Education, Education, Conference",0.0,https://www.eventbrite.co/e/reunion-informativa-de-postgrados-maestrias-y-especializaciones-tickets-1991469688447,data_eventbrite\images\1991469688447_Reunión_Informativa_de_Postgrados_Maestrías_y_Especializaciones.jpg
1987101706696,Afrontamiento del miedo a volar,EventScheduled,https://img.evbuc.com/https%3A%2F%2Fcdn.evbuc.com%2Fimages%2F1186784066%2F219928694265%2F1%2Foriginal.20260612-191117?crop=focalpoint&fit=crop&w=940&auto=format%2Ccompress&q=75&sharp=10&fp-x=0.101&fp-y=0.529&s=d211fbaab413298b9477b35f39598c0f,2026-06-20T10:00:00-03:00,2026-06-20T14:00:00-03:00,Online,,Miedo a los Aviones,M﻿iedo a los Aviones ofrece cursos por streaming y online (autoguiados) para personas que aun no volaron o que lo hacen pero con mucha ansiedad o miedo.,"Health, Personal health, Seminar",59900.0,https://www.eventbrite.com.ar/e/afrontamiento-del-miedo-a-volar-registration-1987101706696,data_eventbrite\images\1987101706696_Afrontamiento_del_miedo_a_volar.jpg
1990788774816,Conversaciones Incómodas para Empresarios pyme - Reunion II,EventScheduled,https://img.evbuc.com/https%3A%2F%2Fcdn.evbuc.com%2Fimages%2F1184509699%2F166428466962%2F1%2Foriginal.20260513-152453?w=940&auto=format%2Ccompress&q=75&sharp=10&s=36d65c6bad9a30cfb699ab0c878dde41,2026-06-25T19:00:00-03:00,2026-06-25T20:30:00-03:00,Online,,Grandes Pymes - Consultoría y Capacitación,Consultora especializada en Direccion y Gestion de Pequeñas y Medianas Empresas.Sabemos de Pymes y podemos ayudarte!,"Business, Startups & Small Business, Seminar",0.0,https://www.eventbrite.com.ar/e/conversaciones-incomodas-para-empresarios-pyme-reunion-ii-tickets-1990788774816,data_eventbrite\images\1990788774816_Conversaciones_Incómodas_para_Empresarios_pyme_-_Reunion_II.jpg
1989825498631,DISOLUCIÓN Y LIQUIDACIÓN DE SOCIEDADES LEY 19.550,EventScheduled,https://img.evbuc.com/https%3A%2F%2Fcdn.evbuc.com%2Fimages%2F1184841680%2F462531016642%2F1%2Foriginal.20260518-124431?crop=focalpoint&fit=crop&w=940&auto=format%2Ccompress&q=75&sharp=10&fp-x=0.5&fp-y=0.5&s=90775815a252b6ef3c825e820245a2bc,2026-06-25T18:00:00-03:00,2026-06-25T20:00:00-03:00,Online,,Centro de Formación Profesional,,"Business, Finance, Class",15000.0,https://www.eventbrite.com.ar/e/disolucion-y-liquidacion-de-sociedades-ley-19550-tickets-1989825498631,data_eventbrite\images\1989825498631_DISOLUCIÓN_Y_LIQUIDACIÓN_DE_SOCIEDADES_LEY_19550.jpg
1986451777741,Dónde colocar tu capital hoy: Estrategias de inversión para el ciclo actual,EventScheduled,https://img.evbuc.com/https%3A%2F%2Fcdn.evbuc.com%2Fimages%2F1181221610%2F298926350884%2F1%2Foriginal.20260401-181110?crop=focalpoint&fit=crop&w=940&auto=format%2Ccompress&q=75&sharp=10&fp-x=0.512&fp-y=0.345&s=df313f9fb56c044b3105c8cada817338,2026-06-25T15:00:00-03:00,,Online,,Bolsa de Comercio de Santa Fe,,"Business, Investment, Seminar",0.0,https://www.eventbrite.com.ar/e/donde-colocar-tu-capital-hoy-estrategias-de-inversion-para-el-ciclo-actual-tickets-1986451777741,data_eventbrite\images\1986451777741_Dónde_colocar_tu_capital_hoy_Estrategias_de_inversión_para_el_ciclo_actual.jpg
1989629429182,Escuela para Directivos,EventScheduled,https://img.evbuc.com/https%3A%2F%2Fcdn.evbuc.com%2Fimages%2F1173866803%2F199724105285%2F1%2Foriginal.20260102-215502?w=940&auto=format%2Ccompress&q=75&sharp=10&rect=0%2C205%2C1682%2C841&s=fa8e381d7e5f0e7bbf16fc6422bcb33a,2026-08-11T18:30:00-03:00,,Online,,ABS International,"ABS International es una empresa dedicada a la capacitación desde el año 1993.Somos organizadores del Congreso Internacional para Docentes y Directivos de Inglés y del Congreso Internacional para Directivos de Instituciones Educativas, entre otros talleres y congresos de educación.","Family & Education, Education, Class",149000.0,https://www.eventbrite.com.ar/e/escuela-para-directivos-tickets-1989629429182,data_eventbrite\images\1989629429182_Escuela_para_Directivos.jpg
1981790785588,LONGEVIDAD – Experiencia de Movimiento,EventScheduled,https://img.evbuc.com/https%3A%2F%2Fcdn.evbuc.com%2Fimages%2F1175974741%2F178239961685%2F1%2Foriginal.20260127-181637?w=940&auto=format%2Ccompress&q=75&sharp=10&rect=0%2C0%2C2160%2C1080&s=bd4424a3049bc6421724f2054d0b4d41,2026-06-20T10:00:00-03:00,2026-06-20T14:00:00-03:00,Online,,Prevencion y Movimiento,,"Health, Personal health, Class",51999.0,https://www.eventbrite.com.ar/e/longevidad-experiencia-de-movimiento-tickets-1981790785588,data_eventbrite\images\1981790785588_LONGEVIDAD_Experiencia_de_Movimiento.jpg
1991295913682,Peeling Cosmetológico: Formación Avanzada: ROSÁCEA- Curso Online,EventScheduled,https://img.evbuc.com/https%3A%2F%2Fcdn.evbuc.com%2Fimages%2F1186328257%2F188472014167%2F1%2Foriginal.20260607-033055?crop=focalpoint&fit=crop&w=940&auto=format%2Ccompress&q=75&sharp=10&fp-x=0.5&fp-y=0.5&s=eba6c07ffabb0914a1d151102358b79c,2026-06-22T15:00:00-03:00,2026-06-22T16:00:00-03:00,Online,,DRA GRACIELA FERRARO,,"Health, Medical, Seminar",45000.0,https://www.eventbrite.com.ar/e/peeling-cosmetologico-formacion-avanzada-rosacea-curso-online-registration-1991295913682,data_eventbrite\images\1991295913682_Peeling_Cosmetológico_Formación_Avanzada_ROSÁCEA-_Curso_Online.jpg
1991581169891,Taller Lectura de Cartografía y Navegación Terrestre,EventScheduled,https://img.evbuc.com/https%3A%2F%2Fcdn.evbuc.com%2Fimages%2F1186608994%2F452894793976%2F1%2Foriginal.20260610-165957?crop=focalpoint&fit=crop&w=940&auto=format%2Ccompress&q=75&sharp=10&fp-x=0.5&fp-y=0.5&s=c9c0298e4ebbeffa7e0efd1f7a78cddb,,,Online,,Centro Argentino de Cartografía,,"Science & Tech, Science, Class",35000.0,https://www.eventbrite.com.ar/e/taller-lectura-de-cartografia-y-navegacion-terrestre-tickets-1991581169891,data_eventbrite\images\1991581169891_Taller_Lectura_de_Cartografía_y_Navegación_Terrestre.jpg
1990976929592,"Webinar: ""Humanos & Agentes de IA: Cómo Gestionar el Riesgo""",EventScheduled,https://img.evbuc.com/https%3A%2F%2Fcdn.evbuc.com%2Fimages%2F1186069778%2F1200445373683%2F1%2Foriginal.20260603-154152?crop=focalpoint&fit=crop&w=940&auto=format%2Ccompress&q=75&sharp=10&fp-x=0.5&fp-y=0.5&s=7890947346592f6b650a72126e8b2362,2026-06-17T19:00:00-03:00,2026-06-17T20:00:00-03:00,Online,,ekoparty security conference,,"Science & Tech, High Tech, Class",0.0,https://www.eventbrite.com.ar/e/webinar-humanos-agentes-de-ia-como-gestionar-el-riesgo-tickets-1990976929592,data_eventbrite\images\1990976929592_Webinar_Humanos_Agentes_de_IA_Cómo_Gestionar_el_Riesgo.jpg
1990645902481,Webinar nueva norma  ISO 14001:2026,EventScheduled,https://img.evbuc.com/https%3A%2F%2Fcdn.evbuc.com%2Fimages%2F1185760338%2F374651392441%2F1%2Foriginal.20260530-130047?crop=focalpoint&fit=crop&w=940&auto=format%2Ccompress&q=75&sharp=10&fp-x=0.5&fp-y=0.5&s=900f9253f9f1b67dc259bf4cd6dcdc12,2026-06-25T15:00:00-03:00,2026-06-25T16:00:00-03:00,Online,,,,"Business, Environment & Sustainability, Seminar",0.0,https://www.eventbrite.com.ar/e/webinar-nueva-norma-iso-140012026-tickets-1990645902481,data_eventbrite\images\1990645902481_Webinar_nueva_norma_ISO_140012026.jpg
1987708419390,XII CONGRESO INTERNACIONAL DE DISPOSITIVOS TECNOLOGICOS Y PEDAGOGICOS,EventScheduled,https://img.evbuc.com/https%3A%2F%2Fcdn.evbuc.com%2Fimages%2F1187068813%2F465138352119%2F1%2Foriginal.20260616-221358?crop=focalpoint&fit=crop&w=940&auto=format%2Ccompress&q=75&sharp=10&fp-x=0.631&fp-y=0.546&s=60f03bb9728867cb7faaaa529b4ee72f,2026-06-27T08:30:00-03:00,2026-06-27T14:00:00-03:00,Online,,ACCYTPCSDE - Congresos y Capacitaciones,,"Family & Education, Education, Conference",0.0,https://www.eventbrite.com.ar/e/xii-congreso-internacional-de-dispositivos-tecnologicos-y-pedagogicos-tickets-1987708419390,data_eventbrite\images\1987708419390_XII_CONGRESO_INTERNACIONAL_DE_DISPOSITIVOS_TECNOLOGICOS_Y_PEDAGOGICOS.jpg
1989964351945,Alpine Trauma Evening (LIVESTREAM),EventScheduled,https://img.evbuc.com/https%3A%2F%2Fcdn.evbuc.com%2Fimages%2F1184996178%2F1595771741923%2F1%2Foriginal.20260520-000905?crop=focalpoint&fit=crop&w=940&auto=format%2Ccompress&q=75&sharp=10&fp-x=0.714&fp-y=0.577&s=56a042ba2b3d67359dd0efd1949b0875,2026-06-25T16:00:00+10:00,2026-06-25T20:00:00+10:00,Online,,NSW Institute of Trauma and Injury Management,"The NSW Institute of Trauma and Injury Management (ITIM) is an institute within the Agency for Clinical Innovation (ACI). We oversee, coordinate and support the NSW trauma system.Trauma is the number one cause of death in people aged 0-45 years in NSW and is one of the top five causes of death for all age groups.We improve health outcomes for people who sustain traumatic injury.We do this by:providing leadership in the field of traumamonitoring and coordinating the NSW trauma systemsupporting clinicians working in the trauma system and others who contribute to injury prevention programs and trauma researchbeing a key facilitator of clinical care review, and monitoring together with education and researchraising awareness of trauma as a leading cause of deathproviding a central point of contact for all clinicians in NSW in relation to trauma.F﻿or more information, please visitInstitute of Trauma and Injury Management","Health, Medical, Conference",0.0,https://www.eventbrite.com.au/e/alpine-trauma-evening-livestream-tickets-1989964351945,data_eventbrite\images\1989964351945_Alpine_Trauma_Evening_LIVESTREAM.jpg
1984349582017,Canva Like a Pro: Advanced Features Deep Dive,EventScheduled,https://img.evbuc.com/https%3A%2F%2Fcdn.evbuc.com%2Fimages%2F1179743506%2F2533614268771%2F1%2Foriginal.20260313-002642?w=940&auto=format%2Ccompress&q=75&sharp=10&rect=0%2C0%2C2160%2C1080&s=b63aa1d7b5b322ba91e5060646afa56e,2026-06-21T10:00:00+10:00,2026-06-21T11:00:00+10:00,Online,,State Library of Queensland - Digital Inclusion,"Wherever you are in Queensland, we're empowering you to unlock the world of digital. Digital inclusion ensures that every Queenslander has opportunities to benefit from the digital economy through access to learning, entertainment, business, employment, and vital services. Explore our free online digital tools and in-person workshops to learn, connect, and thrive.","Business, Startups & Small Business, Class",0.0,https://www.eventbrite.com.au/e/canva-like-a-pro-advanced-features-deep-dive-tickets-1984349582017,data_eventbrite\images\1984349582017_Canva_Like_a_Pro_Advanced_Features_Deep_Dive.jpg
1986359345273,"Connect & Learn: All About Adult ADHD, presented by Dr Limor Theedar",EventScheduled,https://img.evbuc.com/https%3A%2F%2Fcdn.evbuc.com%2Fimages%2F689793299%2F151409785995%2F1%2Foriginal.20240205-014811?w=940&auto=format%2Ccompress&q=75&sharp=10&rect=0%2C0%2C940%2C470&s=bcfb57a7bab460954c7c09950b171919,2026-06-23T13:00:00+10:00,2026-06-23T13:45:00+10:00,Online,,Turning Point,"Turning Point is a national treatment, research and education centre that provides leadership in the alcohol and drug, gambling and mental health sectors.Combining research with service innovation, surveillance, system enhancements, capacity building and specialist support, Turning Point is a recognised centre of excellence that assists services, communities and governments to respond to current and emerging issues.Turning Point is part of Eastern Health and is affiliated with Monash University.","Health, Personal health, Seminar",0.0,https://www.eventbrite.com.au/e/connect-learn-all-about-adult-adhd-presented-by-dr-limor-theedar-tickets-1986359345273,data_eventbrite\images\1986359345273_Connect_Learn_All_About_Adult_ADHD_presented_by_Dr_Limor_Theedar.jpg
1991425070995,1° Congreso Nacional de Educación Normal,EventScheduled,https://img.evbuc.com/https%3A%2F%2Fcdn.evbuc.com%2Fimages%2F1186683254%2F1251180279293%2F1%2Foriginal.20260611-144522?crop=focalpoint&fit=crop&w=940&auto=format%2Ccompress&q=75&sharp=10&fp-x=0.322&fp-y=0.663&s=2f44bad8c9590911b83276e59fc53c96,2026-07-06T15:00:00-06:00,2026-07-06T20:00:00-06:00,Online,,Escuela Normal  del Estado | Turno: Vespertino,,"Family & Education, Education, Conference",0.0,https://www.eventbrite.com.mx/e/1-congreso-nacional-de-educacion-normal-tickets-1991425070995,data_eventbrite\images\1991425070995_1_Congreso_Nacional_de_Educación_Normal.jpg
1991104019722,Agile Reflections Vol 34 - Strategic AI Framework,EventScheduled,https://img.evbuc.com/https%3A%2F%2Fcdn.evbuc.com%2Fimages%2F1186530615%2F454972001352%2F1%2Foriginal.20260609-193534?crop=focalpoint&fit=crop&w=940&auto=format%2Ccompress&q=75&sharp=10&fp-x=0.5&fp-y=0.014&s=0400bd8382c170c64e9e22f22f6c7239,2026-06-17T19:00:00-06:00,2026-06-17T20:30:00-06:00,Online,,routeAgile LATAM,"S﻿omos una empresa jovén e innovadora integrada por consultores especializados en metodologías ágiles. Nuestro objetivo principal es proveer soluciones integrales a personas y empresas desde nuestras 4 líneas de negocio:EDUCACIÓN - CONSULTORÍA - AGILE TOOLS - STAFFING AGILEr﻿outeAgile.com | Think Agile, Be AgileW﻿hastApp: +52 55 6319 9993","Business, Startups & Small Business, Seminar",0.0,https://www.eventbrite.com.mx/e/agile-reflections-vol-34-strategic-ai-framework-tickets-1991104019722,data_eventbrite\images\1991104019722_Agile_Reflections_Vol_34_-_Strategic_AI_Framework.jpg
1991649059952,Evento de Más Voces en Diseño México Meetup Virtual  Junio 2026,EventScheduled,https://img.evbuc.com/https%3A%2F%2Fcdn.evbuc.com%2Fimages%2F1186649597%2F302405960838%2F1%2Foriginal.20260611-020907?crop=focalpoint&fit=crop&w=940&auto=format%2Ccompress&q=75&sharp=10&fp-x=0.5&fp-y=0.5&s=ad76e9d73b63ce9951a3a4e696bbe38c,2026-06-20T10:00:00-06:00,2026-06-20T12:00:00-06:00,Online,,Mujeres en UX México,"QUIÉNES SOMOSEn el año de 2019 la iniciativa llega a nuestro país y se conforma la comunidad Más mujeres en UX MéxicoNuestro principal objetivo es poder generar redes de apoyo entre las diferentes participantes y visibilizar la presencia femenina en la disciplina.Para lograrlo, la comunidad realiza reuniones mensuales donde se presentan temáticas inspiradoras y técnicas, para promover el compartir experiencias y conocimientos entre las mujeres UXers.","Science & Tech, Medicine, Class",0.0,https://www.eventbrite.com.mx/e/evento-de-mas-voces-en-diseno-mexico-meetup-virtual-junio-2026-tickets-1991649059952,data_eventbrite\images\1991649059952_Evento_de_Más_Voces_en_Diseño_México_Meetup_Virtual_Junio_2026.jpg
1991492638090,Webinar Alpha en contextos de adicción,EventScheduled,https://img.evbuc.com/https%3A%2F%2Fcdn.evbuc.com%2Fimages%2F1186520044%2F452090007632%2F1%2Foriginal.20260609-175518?crop=focalpoint&fit=crop&w=940&auto=format%2Ccompress&q=75&sharp=10&fp-x=0.622&fp-y=0.961&s=ad6666b9630732e1c842185fdd4d2144,2026-06-24T19:00:00-06:00,2026-06-24T21:30:00-06:00,Online,,ALPHA MEXICO,,"Health, Mental health, Seminar",0.0,https://www.eventbrite.com.mx/e/webinar-alpha-en-contextos-de-adiccion-tickets-1991492638090,data_eventbrite\images\1991492638090_Webinar_Alpha_en_contextos_de_adicción.jpg
1991285494518,WEBINAR: El Poder de la Palabra para Triunfar Hoy,EventScheduled,https://img.evbuc.com/https%3A%2F%2Fcdn.evbuc.com%2Fimages%2F1186311206%2F193411075263%2F1%2Foriginal.20260606-175723?crop=focalpoint&fit=crop&w=940&auto=format%2Ccompress&q=75&sharp=10&fp-x=0.5&fp-y=0.5&s=520868caf09aa7f1566b2db3f746a109,2026-06-24T19:00:00-07:00,2026-06-24T20:00:00-07:00,Online,,Lupita Morales,,"Community, Other, Seminar",0.0,https://www.eventbrite.com.mx/e/webinar-el-poder-de-la-palabra-para-triunfar-hoy-tickets-1991285494518,data_eventbrite\images\1991285494518_WEBINAR_El_Poder_de_la_Palabra_para_Triunfar_Hoy.jpg
1986837035056,4th Annual Summer Symposium: Serving those who Served  (4S),EventScheduled,https://img.evbuc.com/https%3A%2F%2Fcdn.evbuc.com%2Fimages%2F1181795182%2F130849576979%2F1%2Foriginal.20260409-160938?crop=focalpoint&fit=crop&w=940&auto=format%2Ccompress&q=75&sharp=10&fp-x=0.5&fp-y=0.5&s=19d34e4231392b64b8e2a0497d21e7e4,2026-06-26T09:00:00-04:00,2026-06-27T17:00:00-04:00,Online,,UCF College of Community Innovation and Education,,"Family & Education, Education, Conference",12.51,https://www.eventbrite.com/e/4th-annual-summer-symposium-serving-those-who-served-4s-tickets-1986837035056,data_eventbrite\images\1986837035056_4th_Annual_Summer_Symposium_Serving_those_who_Served_4S.jpg
1987826609901,Autismo: evidencia científica y experiencias reales,EventScheduled,https://img.evbuc.com/https%3A%2F%2Fcdn.evbuc.com%2Fimages%2F1185251594%2F163530121576%2F1%2Foriginal.20260522-215827?w=940&auto=format%2Ccompress&q=75&sharp=10&s=4d7b5aa3126aa3a74b4dcd7fc8daf9c8,2026-06-20T10:00:00-03:00,,Online,,Asociación Educar para el Desarrollo Humano,,"Health, Personal health, Seminar",0.0,https://www.eventbrite.com/e/autismo-evidencia-cientifica-y-experiencias-reales-tickets-1987826609901,data_eventbrite\images\1987826609901_Autismo_evidencia_científica_y_experiencias_reales.jpg
767132121827,Charlotte Hiring Event,EventScheduled,https://img.evbuc.com/https%3A%2F%2Fcdn.evbuc.com%2Fimages%2F648430759%2F109033103239%2F1%2Foriginal.20231126-234614?w=940&auto=format%2Ccompress&q=75&sharp=10&rect=1%2C519%2C4852%2C2426&s=4e8d655ee8230c1397f4071ffd2260e1,2026-07-24T09:30:00-04:00,2026-07-24T12:30:00-04:00,Online,,TRN. Attend a Professional Hiring Event!,"EMPLOYERS ARE HIRING AT OUR NATIONWIDE PROFESSIONAL HIRING EVENTS.Career Seekers join us for a great day of recruiting.  Recruiters, Managers and HR Professionals are looking to fill open positions at hiring events nationwide.  Register today and attend the next Career Recruiting Network Hiring Event!Call & Register Today!  844-544-JOBS (5627)","Business, Career, Networking",0.0,https://www.eventbrite.com/e/charlotte-hiring-event-tickets-767132121827,data_eventbrite\images\767132121827_Charlotte_Hiring_Event.jpg
1990435902365,Conversatorio en “Urbanismo y Gestión de las Ciudades”,EventScheduled,https://img.evbuc.com/https%3A%2F%2Fcdn.evbuc.com%2Fimages%2F1185464000%2F3003350460036%2F1%2Foriginal.png?w=940&auto=format%2Ccompress&q=75&sharp=10&rect=0%2C0%2C940%2C470&s=03829983e63ca5430f65592e4a0cbafe,2026-06-25T18:00:00-06:00,2026-06-25T22:00:00-06:00,Online,,,,"Community, City/Town, Seminar",0.0,https://www.eventbrite.com/e/conversatorio-en-urbanismo-y-gestion-de-las-ciudades-tickets-1990435902365,data_eventbrite\images\1990435902365_Conversatorio_en_Urbanismo_y_Gestión_de_las_Ciudades.png
1990974135234,"Desarrollo Infantil Temprano: ¿Cuándo, Dónde, Cómo y Por Qué?",EventScheduled,https://img.evbuc.com/https%3A%2F%2Fcdn.evbuc.com%2Fimages%2F1186081560%2F65194292735%2F1%2Foriginal.20260603-173634?crop=focalpoint&fit=crop&w=940&auto=format%2Ccompress&q=75&sharp=10&fp-x=0.981&fp-y=0.14&s=32e9401027f4aa313036a2b641e12e46,2026-06-30T12:00:00-06:00,2026-06-30T13:30:00-06:00,Online,,Assuring Better Child Health & Development,"ABCD is a locally known and nationally recognized leader in co-designing, actively shaping, and championing progressive early childhood policies and equitable access to comprehensive, high quality perinatal and early childhood developmental services for young children and their families. Our mission is to partner with and build connections across healthcare, community agencies, and early childhood systems to expand best practices.","Family & Education, Education, Class",0.0,https://www.eventbrite.com/e/desarrollo-infantil-temprano-cuando-donde-como-y-por-que-tickets-1990974135234,data_eventbrite\images\1990974135234_Desarrollo_Infantil_Temprano_Cuándo_Dónde_Cómo_y_Por_Qué.jpg
1980273655812,Emirates Connect | B2B Networking | SMEs & Startups,EventScheduled,https://img.evbuc.com/https%3A%2F%2Fcdn.evbuc.com%2Fimages%2F1172209881%2F2927087102461%2F1%2Foriginal.20251203-040511?crop=focalpoint&fit=crop&w=940&auto=format%2Ccompress&q=75&sharp=10&fp-x=0.5&fp-y=0.5&s=88d0f7fcf73bb9cfa61046b7e4719102,2026-06-20T18:00:00+04:00,2026-06-20T19:00:00+04:00,Online,,Tablon Community,,"Business, Startups & Small Business, Networking",0.0,https://www.eventbrite.com/e/emirates-connect-b2b-networking-smes-startups-tickets-1980273655812,data_eventbrite\images\1980273655812_Emirates_Connect_B2B_Networking_SMEs_Startups.jpg
1991736093271,Capacitación para educadores comunitarios de Saprea,EventScheduled,https://img.evbuc.com/https%3A%2F%2Fcdn.evbuc.com%2Fimages%2F1175502006%2F2274850560093%2F1%2Foriginal.20260121-230831?w=940&auto=format%2Ccompress&q=75&sharp=10&s=1d5e9f31e29648572c9dbbd23e621c11,2026-07-17T10:00:00-06:00,2026-07-17T12:00:00-06:00,Online,,Saprea,,"Family & Education, Education, Seminar",0.0,https://www.eventbrite.com/e/entradas-capacitacion-para-educadores-comunitarios-de-saprea-1991736093271,data_eventbrite\images\1991736093271_Capacitación_para_educadores_comunitarios_de_Saprea.jpg
1990773193211,El Olimpo de las DeFi — BCS x Etikax,EventScheduled,https://img.evbuc.com/https%3A%2F%2Fcdn.evbuc.com%2Fimages%2F1185850415%2F3003918948795%2F1%2Foriginal.20260601-103252?crop=focalpoint&fit=crop&w=940&auto=format%2Ccompress&q=75&sharp=10&fp-x=0.68&fp-y=0.563&s=5b31a476a0f25d6003ea2230fa062c98,2026-06-18T15:00:00-04:00,2026-06-18T16:00:00-04:00,Online,,Blockchain School,,"Science & Tech, High Tech, Seminar",0.0,https://www.eventbrite.com/e/entradas-el-olimpo-de-las-defi-bcs-x-etikax-1990773193211,data_eventbrite\images\1990773193211_El_Olimpo_de_las_DeFi_BCS_x_Etikax.jpg
1991574316392,"La verdad sobre la cosmética: Mitos, engaños y cómo comprar mejor",EventScheduled,https://img.evbuc.com/https%3A%2F%2Fcdn.evbuc.com%2Fimages%2F960762893%2F1121149954213%2F1%2Foriginal.20250214-124452?crop=focalpoint&fit=crop&w=940&auto=format%2Ccompress&q=75&sharp=10&fp-x=0.0909090909091&fp-y=0.529850746269&s=9f6928412395c8b00a9276301626f651,2026-06-17T20:00:00+02:00,2026-06-17T21:00:00+02:00,Online,,Knowledge Corner by Two Poles,,"Health, Personal health, Seminar",0.0,https://www.eventbrite.com/e/entradas-la-verdad-sobre-la-cosmetica-mitos-enganos-y-como-comprar-mejor-1991574316392,data_eventbrite\images\1991574316392_La_verdad_sobre_la_cosmética_Mitos_engaños_y_cómo_comprar_mejor.jpg
1988130783693,Reunión de Interés sobre los Grupos de Apoyo,EventScheduled,https://img.evbuc.com/https%3A%2F%2Fcdn.evbuc.com%2Fimages%2F1175496447%2F2274850560093%2F1%2Foriginal.20260121-221349?crop=focalpoint&fit=crop&w=940&auto=format%2Ccompress&q=75&sharp=10&fp-x=0.5&fp-y=0.5&s=e0dafe6b49f2fb0f03462d579f1cf1f3,2026-06-19T11:00:00-06:00,2026-06-19T12:00:00-06:00,Online,,Saprea,,"Health, Other, Networking",0.0,https://www.eventbrite.com/e/entradas-reunion-de-interes-sobre-los-grupos-de-apoyo-1988130783693,data_eventbrite\images\1988130783693_Reunión_de_Interés_sobre_los_Grupos_de_Apoyo.jpg
1990295716064,Taller de capacitación: Monitoreo de cultivos a través de IA & Satélites,EventScheduled,https://img.evbuc.com/https%3A%2F%2Fcdn.evbuc.com%2Fimages%2F1185834151%2F2986777040552%2F1%2Foriginal.20260601-034140?crop=focalpoint&fit=crop&w=940&auto=format%2Ccompress&q=75&sharp=10&fp-x=0.5&fp-y=0.5&s=8a989706f88cc3c5a9a1b67a723b189a,2026-06-18T16:00:00-06:00,2026-06-18T17:00:00-06:00,Online,,DATAYOO | FarmiSpace,,"Science & Tech, Science, Class",0.0,https://www.eventbrite.com/e/entradas-taller-de-capacitacion-monitoreo-de-cultivos-a-traves-de-ia-satelites-1990295716064,data_eventbrite\images\1990295716064_Taller_de_capacitación_Monitoreo_de_cultivos_a_través_de_IA_Satélites.jpg
1991832051284,TrueMeet Madrid ❤️ | Online Speed Dating | Ages 26-35,EventScheduled,https://img.evbuc.com/https%3A%2F%2Fcdn.evbuc.com%2Fimages%2F1186827337%2F3005244666309%2F1%2Foriginal.20260613-163048?crop=focalpoint&fit=crop&w=940&auto=format%2Ccompress&q=75&sharp=10&fp-x=0.5&fp-y=0.5&s=aa621b2cef604a8c5d7a21b4c04de5b1,2026-06-28T18:30:00+02:00,2026-06-28T20:30:00+02:00,Online,,TrueMeet,,"Community, City/Town, Party",0.0,https://www.eventbrite.com/e/entradas-truemeet-madrid-online-speed-dating-ages-26-35-1991832051284,data_eventbrite\images\1991832051284_TrueMeet_Madrid_Online_Speed_Dating_Ages_26-35.jpg
1982889851925,Incentivos para la Compra de Vivienda,EventScheduled,https://img.evbuc.com/https%3A%2F%2Fcdn.evbuc.com%2Fimages%2F1172845769%2F1629960610393%2F1%2Foriginal.20251212-170831?crop=focalpoint&fit=crop&w=940&auto=format%2Ccompress&q=75&sharp=10&fp-x=0.905&fp-y=0.509&s=cca263424764e5f54d0c6c7c4cb7c3a2,2026-06-24T18:00:00-04:00,2026-06-24T19:30:00-04:00,Online,,Live Baltimore,"Live Baltimore loves city life! We are an independent, nonprofit organization committed to promoting the benefits of Baltimore City living. Each year, Live Baltimore provides thousands of individuals with information on the city’s 278 neighborhoods, rental living options, homebuying incentive programs, historic tax credits, and more. Live Baltimore envisions Baltimore as a growing and vibrant city that attracts and retains a diverse population.","Home & Lifestyle, Other, Class",0.0,https://www.eventbrite.com/e/incentivos-para-la-compra-de-vivienda-registration-1982889851925,data_eventbrite\images\1982889851925_Incentivos_para_la_Compra_de_Vivienda.jpg
1984456484766,Leveraging AI to improve inclusion in research and equity in health,EventScheduled,https://img.evbuc.com/https%3A%2F%2Fcdn.evbuc.com%2Fimages%2F1178990125%2F2014091605783%2F1%2Foriginal.20260304-095224?crop=focalpoint&fit=crop&w=940&auto=format%2Ccompress&q=75&sharp=10&fp-x=0.157&fp-y=0.494&s=26f3c5946e966c4990cd0ae530c1fe68,2026-07-03T12:00:00+01:00,2026-07-03T13:00:00+01:00,Online,,Egality Health,,"Science & Tech, Medicine, Conference",0.0,https://www.eventbrite.com/e/leveraging-ai-to-improve-inclusion-in-research-and-equity-in-health-tickets-1984456484766,data_eventbrite\images\1984456484766_Leveraging_AI_to_improve_inclusion_in_research_and_equity_in_health.jpg
1990123565156,Masterclass gratuita: Cómo pagar la universidad de tus hijos sin endeudarte,EventScheduled,https://img.evbuc.com/https%3A%2F%2Fcdn.evbuc.com%2Fimages%2F1185167182%2F448684994224%2F1%2Foriginal.20260521-202154?crop=focalpoint&fit=crop&w=940&auto=format%2Ccompress&q=75&sharp=10&fp-x=0.5&fp-y=0.5&s=1918a82ee9153e3d512c6f557443e4f2,2026-06-17T20:00:00-06:00,2026-06-17T21:00:00-06:00,Online,,,,"Family & Education, Education, Class",0.0,https://www.eventbrite.com/e/masterclass-gratuita-como-pagar-la-universidad-de-tus-hijos-sin-endeudarte-tickets-1990123565156,data_eventbrite\images\1990123565156_Masterclass_gratuita_Cómo_pagar_la_universidad_de_tus_hijos_sin_endeudarte.jpg
1988799929125,Soul Reset: Understanding the Trauma Cycle to Rewire Your Life,EventScheduled,https://img.evbuc.com/https%3A%2F%2Fcdn.evbuc.com%2Fimages%2F1183825584%2F388116627879%2F1%2Foriginal.20260505-155231?crop=focalpoint&fit=crop&w=940&auto=format%2Ccompress&q=75&sharp=10&fp-x=0.5&fp-y=0.5&s=dac4340636a389bbc717dfb9bb5c582a,2026-06-19T19:00:00-04:00,2026-06-19T20:00:00-04:00,Online,,The Lotus & the Light Metaphysical Center,"The Lotus and the Light Metaphysical Center is a Holistic Wellness and Spiritual community located close to old town Manassas, VA. We offer an array of classes and workshops in metaphysical and spiritual development.Uma Alexandra Beepat is the CEO and owner of The Lotus and The Light and the main spiritual teacher at the center. Uma provides holistic wellness consultations, soul alignment coaching and intuitive readings to help clients connect to their path, live healthier and better and create more peace, joy and happiness in their lives. You can contact her for a free holistic wellness consultation anytime!Uma also offers an annual intuitive development program for the newly awakened and budding Intuitives who seek to trust their intuition and live a life of purpose.Come join this fun and light hearted group as we grow together spiritually and in friendship!Our meetings occur at our center on Mosby street close to Old Town Manassas. You can find out more about services and classes at www.thelotusandthelight.comWe look forward to meeting you one day,The Lotus and The LIght","Health, Mental health, Class",0.0,https://www.eventbrite.com/e/soul-reset-understanding-the-trauma-cycle-to-rewire-your-life-tickets-1988799929125,data_eventbrite\images\1988799929125_Soul_Reset_Understanding_the_Trauma_Cycle_to_Rewire_Your_Life.jpg
1989675698575,Staying Alive? Alienation in Digital Culture and Intimate Life,EventScheduled,https://img.evbuc.com/https%3A%2F%2Fcdn.evbuc.com%2Fimages%2F1123800253%2F111031820%2F1%2Foriginal.20250914-225947?crop=focalpoint&fit=crop&w=940&auto=format%2Ccompress&q=75&sharp=10&fp-x=0.669507575758&fp-y=0.552278820375&s=b992125d2e06cd24d61fb2da0bab5471,2026-06-20T10:00:00-04:00,2026-06-20T12:00:00-04:00,Online,,PPSC Learning Lab,"PPSC's Learning Lab offers cutting edge, affordable workshops focused on mental health education for counselors, teachers, parents, mental health and health professionals as well as the community at large.","Health, Mental health, Seminar",30.0,https://www.eventbrite.com/e/staying-alive-alienation-in-digital-culture-and-intimate-life-tickets-1989675698575,data_eventbrite\images\1989675698575_Staying_Alive_Alienation_in_Digital_Culture_and_Intimate_Life.jpg
1979047702954,VCCA2026,EventScheduled,https://img.evbuc.com/https%3A%2F%2Fcdn.evbuc.com%2Fimages%2F1173532374%2F444357818552%2F1%2Foriginal.20251226-114110?crop=focalpoint&fit=crop&w=940&auto=format%2Ccompress&q=75&sharp=10&fp-x=0.52&fp-y=0.531&s=133462577280976c04896434f07b1949,2026-06-25T14:00:00+02:00,2026-06-26T23:30:00+02:00,Online,,VCCA2026,,"Science & Tech, Medicine, Conference",0.0,https://www.eventbrite.com/e/vcca2026-tickets-1979047702954,data_eventbrite\images\1979047702954_VCCA2026.jpg
1990855317848,Cómo cumplir con la Ley de IA de la UE,EventScheduled,https://img.evbuc.com/https%3A%2F%2Fcdn.evbuc.com%2Fimages%2F1186913759%2F350223207809%2F1%2Foriginal.20260615-090311?crop=focalpoint&fit=crop&w=940&auto=format%2Ccompress&q=75&sharp=10&fp-x=0.155&fp-y=0.423&s=9676626f30bd029447c822cbed582924,2026-06-30T10:30:00+02:00,2026-06-30T11:30:00+02:00,Online,,Nimbus Intelligence powered by The Information Lab,"Somos Nimbus Intelligence. Tu socio en innovación que puede ayudarte a superar tus objetivos de datos en la nube.Nimbus Intelligence representa el poder de los datos. A través de los esfuerzos de nuestros ingenieros certificados, apoyamos a tu empresa en el camino hacia la toma de decisiones basada en datos. Ya sea optimizando márgenes de beneficio, procesando datos de pacientes o simplificando cadenas de suministro, brindamos soluciones adaptadas a los requisitos de tu negocio. Te ayudamos a navegar a través de grandes volúmenes de datos, traduciéndolos en resultados útiles y concretos. Además, te capacitamos para tomar decisiones seguras dentro de tu área de experiencia, independientemente del sector.","Science & Tech, High Tech, Class",0.0,https://www.eventbrite.es/e/entradas-como-cumplir-con-la-ley-de-ia-de-la-ue-1990855317848,data_eventbrite\images\1990855317848_Cómo_cumplir_con_la_Ley_de_IA_de_la_UE.jpg
1990760193328,El poder de la Facilitación - Aperitivo con in-mocion,EventScheduled,https://img.evbuc.com/https%3A%2F%2Fcdn.evbuc.com%2Fimages%2F992125153%2F327734138629%2F1%2Foriginal.20250325-134240?crop=focalpoint&fit=crop&w=940&auto=format%2Ccompress&q=75&sharp=10&fp-x=0.5&fp-y=0.5&s=56a3e3ed3935be643d080d3df0ca3f14,2026-06-29T18:00:00+02:00,2026-06-29T19:15:00+02:00,Online,,in-mocion,,"Business, Design, Class",0.0,https://www.eventbrite.es/e/entradas-el-poder-de-la-facilitacion-aperitivo-con-in-mocion-1990760193328,data_eventbrite\images\1990760193328_El_poder_de_la_Facilitación_-_Aperitivo_con_in-mocion.jpg
1990011352525,Masterclass:Document Controller: Un nuevo perfil para la empresa del futuro,EventScheduled,https://img.evbuc.com/https%3A%2F%2Fcdn.evbuc.com%2Fimages%2F1185054493%2F138767774064%2F1%2Foriginal.20260520-164354?crop=focalpoint&fit=crop&w=940&auto=format%2Ccompress&q=75&sharp=10&fp-x=0.47&fp-y=0.603&s=67498b17b5b61e57ba7d642db741e768,2026-06-25T18:00:00+02:00,2026-06-25T19:30:00+02:00,Online,,Arxivística i Gestió de Documents UAB,"Arxivística i Gestió de Documents UAB, de l'Escola FUAB Formació. centre especialitzat en el camp de l'arxivística i la gestió de documents, es proposa assolir un ampli reconeixement acadèmic, professional i social a nivell nacional i internacional mitjançant la transmissió dels coneixements, l’ajut al desenvolupament de les competències i les habilitats inherents a l'especialitat, i la recerca.","Business, Career, Conference",0.0,https://www.eventbrite.es/e/entradas-masterclassdocument-controller-un-nuevo-perfil-para-la-empresa-del-futuro-1990011352525,data_eventbrite\images\1990011352525_MasterclassDocument_Controller_Un_nuevo_perfil_para_la_empresa_del_futuro.jpg
1991571591241,Online prestakuntza: Ekainaren 23 eta 24an. 9:00etik 11:30etara,EventScheduled,https://img.evbuc.com/https%3A%2F%2Fcdn.evbuc.com%2Fimages%2F1185879408%2F3003952656106%2F1%2Foriginal.20260601-164139?crop=focalpoint&fit=crop&w=940&auto=format%2Ccompress&q=75&sharp=10&fp-x=0.496&fp-y=0.471&s=135f418c51f628a98f4038cc4b39c661,2026-06-23T09:00:00+02:00,2026-06-24T11:30:00+02:00,Online,,Eusko Jaurlaritza,,"Health, Mental health, Class",0.0,https://www.eventbrite.es/e/entradas-online-prestakuntza-ekainaren-23-eta-24an-900etik-1130etara-1991571591241,data_eventbrite\images\1991571591241_Online_prestakuntza_Ekainaren_23_eta_24an_900etik_1130etara.jpg
1991467807822,Optimiza tu instalación solar: SMA Sunny Design,EventScheduled,https://img.evbuc.com/https%3A%2F%2Fcdn.evbuc.com%2Fimages%2F1186576394%2F428059197284%2F1%2Foriginal.20260610-093827?crop=focalpoint&fit=crop&w=940&auto=format%2Ccompress&q=75&sharp=10&fp-x=0.5&fp-y=0.5&s=ad983dbfc5a4b558122418564a2c1640,2026-06-25T11:00:00+02:00,2026-06-25T12:00:00+02:00,Online,,SMA Solar Academy - ES,"Como uno de los especialistas líderes mundiales en tecnología de sistemas para aplicaciones fotovoltaicas, el Grupo SMA hoy en día cuenta con los requisitos previos para el suministro descentralizado de energía renovable del mañana. La gama de productos de SMA incluye una amplia variedad de inversores fotovoltaicos eficientes y soluciones integrales para plantas fotovoltaicas de toda clase de potencia, sistemas inteligentes para gestionar la energía y sistemas de baterías, así como soluciones completas para aplicaciones híbridas de energía fotovoltaica y diésel. La oferta se completa con servicios energéticos digitales y amplias prestaciones de servicio, entre las que se cuentan la gestión operativa y el mantenimiento de centrales fotovoltaicas. Los inversores de SMA, con una potencia total de alrededor de 80 GW, se utilizan en más de 190 países de todo el mundo. Las innovaciones tecnológicas de SMA, premiadas en varias ocasiones, están amparadas por más de 1500 patentes y modelos registrados. Desde el año 2008, la empresa matriz del Grupo, SMA Solar Technology AG, cotiza en el Prime Standard de la Bolsa de Fráncfort (S92) y también en el índice SDAX.","Science & Tech, Other, Class",0.0,https://www.eventbrite.es/e/entradas-optimiza-tu-instalacion-solar-sma-sunny-design-1991467807822,data_eventbrite\images\1991467807822_Optimiza_tu_instalación_solar_SMA_Sunny_Design.jpg
1990640266624,Pixel Media Lab: Herramientas Digitales para la Educación Mediática,EventScheduled,https://img.evbuc.com/https%3A%2F%2Fcdn.evbuc.com%2Fimages%2F1186504446%2F797653822413%2F1%2Foriginal.20260609-152533?crop=focalpoint&fit=crop&w=940&auto=format%2Ccompress&q=75&sharp=10&fp-x=0.164&fp-y=0.412&s=14186aeec395a2ea30570e9922772501,2026-06-18T16:00:00+02:00,2026-06-18T17:30:00+02:00,Online,,Rinova Málaga,,"Family & Education, Education, Class",0.0,https://www.eventbrite.es/e/entradas-pixel-media-lab-herramientas-digitales-para-la-educacion-mediatica-1990640266624,data_eventbrite\images\1990640266624_Pixel_Media_Lab_Herramientas_Digitales_para_la_Educación_Mediática.jpg
1990572547073,Project Manager Potenciado con Herramientas,EventScheduled,https://img.evbuc.com/https%3A%2F%2Fcdn.evbuc.com%2Fimages%2F1186130415%2F239264610807%2F1%2Foriginal.20260604-061952?crop=focalpoint&fit=crop&w=940&auto=format%2Ccompress&q=75&sharp=10&fp-x=0.5&fp-y=0.5&s=12ad90bc5261eb97441ff73da4943ac2,2026-06-25T19:00:00+02:00,2026-06-25T20:00:00+02:00,Online,,PMI Galicia Spain Chapter,,"Business, Career, Class",0.0,https://www.eventbrite.es/e/entradas-project-manager-potenciado-con-herramientas-1990572547073,data_eventbrite\images\1990572547073_Project_Manager_Potenciado_con_Herramientas.jpg
1985460576030,Sesión info online: Grado en Prevención y Seguridad Integral UAB,EventScheduled,https://img.evbuc.com/https%3A%2F%2Fcdn.evbuc.com%2Fimages%2F1179701403%2F138767774064%2F1%2Foriginal.20260312-162851?w=940&auto=format%2Ccompress&q=75&sharp=10&rect=0%2C55%2C1200%2C600&s=b01d7ab5e557de4a9056e0a902e55717,2026-06-17T18:00:00+02:00,2026-06-17T19:30:00+02:00,Online,,Prevenció i Seguretat Integral UAB,"Prevenció i Seguretat Integral (EPSI), de l'Escola FUAB Formació, i ubicada al campus de Bellaterra, ofereix estudis universitaris en l’àmbit de la prevenció i la seguretat integral.","Business, Career, Conference",0.0,https://www.eventbrite.es/e/entradas-sesion-info-online-grado-en-prevencion-y-seguridad-integral-uab-1985460576030,data_eventbrite\images\1985460576030_Sesión_info_online_Grado_en_Prevención_y_Seguridad_Integral_UAB.jpg
1990081899533,Taller online gratuït: Parlem de control parental,EventScheduled,https://img.evbuc.com/https%3A%2F%2Fcdn.evbuc.com%2Fimages%2F1185417297%2F538392184459%2F1%2Foriginal.20260526-091154?crop=focalpoint&fit=crop&w=940&auto=format%2Ccompress&q=75&sharp=10&fp-x=0.5&fp-y=0.5&s=b872659e082bbc1be4582fc5489150e8,2026-06-17T18:30:00+02:00,2026-06-17T19:30:00+02:00,Online,,Som Connexió,,"Family & Education, Parenting, Class",0.0,https://www.eventbrite.es/e/entradas-taller-online-gratuit-parlem-de-control-parental-1990081899533,data_eventbrite\images\1990081899533_Taller_online_gratuït_Parlem_de_control_parental.jpg
1990077842398,Taller online gratuito: Hablemos de control parental,EventScheduled,https://img.evbuc.com/https%3A%2F%2Fcdn.evbuc.com%2Fimages%2F1185417423%2F538392184459%2F1%2Foriginal.20260526-091431?crop=focalpoint&fit=crop&w=940&auto=format%2Ccompress&q=75&sharp=10&fp-x=0.5&fp-y=0.5&s=6386e62deb579abe90e792b2090918e7,2026-06-18T18:30:00+02:00,2026-06-18T19:30:00+02:00,Online,,Som Connexió,,"Family & Education, Parenting, Class",0.0,https://www.eventbrite.es/e/entradas-taller-online-gratuito-hablemos-de-control-parental-1990077842398,data_eventbrite\images\1990077842398_Taller_online_gratuito_Hablemos_de_control_parental.jpg
